member_id,visit_date,age,gender,membership_type,workout_type,workout_duration_minutes,calories_burned,check_in_time,attendance_status
1,284,64,2,0,2,28,171,546,0
2,152,65,0,2,3,72,650,507,0
3,164,45,1,2,0,70,633,836,0
4,35,35,0,1,1,64,362,832,0
5,194,26,0,2,4,31,262,78,0
6,254,45,2,2,0,63,518,549,1
7,52,30,2,2,1,50,404,452,0
8,124,38,1,0,4,99,959,652,0
9,40,61,0,1,1,36,289,962,1
10,226,36,2,2,3,94,643,84,0
11,284,60,0,1,3,110,738,691,1
12,359,26,0,1,2,86,547,885,0
13,179,48,0,2,2,44,389,499,0
14,335,54,2,0,4,99,644,260,0
15,189,40,2,2,1,99,643,559,1
16,278,38,2,1,2,106,976,180,0
17,335,28,2,1,4,34,244,938,1
18,178,35,2,0,1,25,211,473,1
19,304,32,0,0,1,55,402,931,1
20,212,32,0,1,1,48,330,33,1
21,1,51,2,1,0,68,526,382,0
22,209,53,0,0,2,41,248,241,0
23,126,30,1,2,2,98,577,586,0
24,212,20,1,1,1,104,589,632,1
25,341,63,1,0,4,54,288,121,1
26,266,21,0,0,4,40,358,228,0
27,163,52,1,1,1,77,620,263,0
28,122,49,2,0,2,37,187,541,0
29,37,39,2,2,3,120,991,618,1
30,336,57,0,0,1,96,621,181,0
31,69,18,1,1,0,52,455,966,1
32,353,19,1,1,1,59,374,512,1
33,80,27,0,0,3,23,127,692,1
34,76,51,1,2,1,36,208,559,1
35,359,50,0,1,1,59,584,407,1
36,73,48,1,1,0,20,159,861,0
37,236,49,0,0,3,81,756,72,0
38,85,47,0,0,1,107,779,284,1
39,141,61,0,1,3,94,737,924,1
40,145,26,2,1,4,100,562,719,1
41,117,50,2,2,2,51,428,278,1
42,274,26,1,0,2,94,859,820,1
43,330,45,0,1,2,61,412,911,0
44,81,19,1,1,0,81,570,575,0
45,226,39,0,1,4,26,208,237,0
46,182,33,1,1,1,56,336,643,0
47,341,40,2,2,4,92,524,513,0
48,291,32,0,1,0,63,546,461,0
49,183,42,1,1,1,103,755,372,1
50,338,42,2,2,3,99,746,344,0
51,223,27,1,1,4,60,337,966,1
52,326,42,1,0,1,42,346,730,1
53,0,47,1,2,1,55,286,215,0
54,336,23,0,1,1,115,1086,607,0
55,127,18,1,0,0,53,483,276,0
56,61,22,2,2,0,44,423,480,1
57,163,37,1,1,0,37,242,106,1
58,316,39,2,0,4,76,596,971,0
59,165,59,0,1,2,47,460,384,0
60,67,65,2,0,2,57,318,533,1
61,18,54,0,0,4,120,751,582,1
62,98,52,2,1,3,113,878,965,1
63,283,43,0,2,3,22,142,703,0
64,247,55,1,2,2,33,248,751,0
65,313,33,2,2,2,37,251,54,1
66,333,29,1,2,0,83,683,662,0
67,198,47,0,1,0,25,172,745,1
68,15,31,2,2,4,42,243,32,1
69,163,34,1,2,0,54,515,547,0
70,17,61,1,1,1,32,304,827,0
71,174,22,0,0,3,92,715,827,0
72,360,30,1,0,0,49,378,104,0
73,241,30,0,1,2,26,233,420,1
74,91,34,1,2,2,58,561,535,1
75,41,33,0,1,1,53,340,725,0
76,326,45,1,2,3,54,522,706,0
77,50,27,2,1,2,84,476,682,1
78,290,27,0,0,0,80,549,597,0
79,130,63,2,2,3,45,265,605,1
80,235,59,2,0,1,89,502,646,1
81,351,60,1,2,4,98,630,647,1
82,154,23,2,2,3,43,228,809,0
83,290,44,1,2,1,20,148,898,0
84,146,38,2,2,3,108,605,699,0
85,22,25,0,0,4,40,364,220,1
86,40,33,0,2,0,104,997,854,1
87,63,52,0,1,1,115,1098,343,0
88,348,19,1,0,2,104,713,792,0
89,139,53,1,2,2,37,194,291,1
90,144,18,1,2,0,41,342,39,0
91,94,48,1,2,4,71,672,212,0
92,210,20,2,1,1,26,148,950,1
93,105,32,0,0,4,64,562,664,1
94,221,47,1,1,2,114,937,681,0
95,309,41,1,2,1,110,865,344,0
96,40,58,2,0,3,101,778,37,0
97,242,59,0,1,4,110,585,702,1
98,321,58,2,1,3,98,721,143,1
99,20,33,0,0,4,49,465,14,0
100,295,42,0,2,1,69,369,466,1
101,71,51,1,0,2,108,856,930,0
102,57,36,1,0,1,48,459,819,0
103,69,20,0,0,4,89,714,791,1
104,247,64,1,1,1,86,796,864,1
105,164,22,2,1,3,64,590,526,0
106,287,37,0,0,3,108,961,298,1
107,63,30,2,0,2,80,596,928,0
108,278,64,2,2,0,73,623,43,1
109,303,31,0,0,0,28,236,8,0
110,128,48,2,2,1,25,138,224,1
111,194,18,1,2,2,62,429,475,0
112,297,30,0,1,2,65,555,526,1
113,296,37,2,2,2,120,842,558,1
114,365,42,1,2,4,88,761,735,0
115,160,27,2,0,2,27,203,126,1
116,181,47,2,2,1,42,393,558,0
117,240,49,2,2,0,31,193,951,0
118,359,64,2,2,4,89,668,358,1
119,36,59,0,0,2,39,277,728,0
120,125,47,1,1,3,69,591,948,0
121,101,64,1,0,4,32,262,879,1
122,323,19,0,1,0,120,1072,588,0
123,170,32,1,2,1,50,498,743,0
124,365,23,1,0,1,83,748,378,1
125,362,30,2,2,2,86,774,605,1
126,290,54,1,0,4,37,194,504,0
127,4,62,1,0,3,87,788,69,0
128,257,18,2,1,4,28,266,254,0
129,354,18,1,0,3,53,415,298,1
130,216,61,2,2,0,103,756,736,1
131,15,37,0,0,1,104,873,395,0
132,105,18,1,2,0,88,828,783,0
133,255,52,1,2,2,84,534,386,1
134,216,37,2,0,0,65,327,715,0
135,75,59,2,1,0,44,341,340,0
136,57,65,1,2,3,113,934,228,0
137,77,50,2,1,0,117,878,765,1
138,186,38,2,2,3,98,578,854,1
139,307,34,1,0,0,42,214,576,1
140,34,51,0,0,4,63,466,44,1
141,347,56,0,0,0,67,440,201,1
142,84,38,0,0,2,82,816,961,0
143,110,20,2,0,3,80,403,851,0
144,27,32,0,1,4,48,476,23,0
145,192,52,2,0,3,27,155,379,0
146,10,20,2,1,0,56,405,887,1
147,297,38,0,2,0,106,808,394,1
148,229,48,1,1,4,109,793,784,1
149,145,18,1,1,3,83,823,177,0
150,254,64,2,2,1,91,537,782,1
151,12,29,2,0,4,31,268,323,0
152,40,41,2,2,3,83,819,739,1
153,290,19,2,2,1,65,472,434,0
154,7,27,1,2,1,66,469,48,1
155,167,20,1,0,1,52,488,177,0
156,163,37,2,0,1,54,487,19,1
157,283,57,2,1,3,63,341,803,0
158,144,65,2,1,3,74,667,585,0
159,73,49,0,1,2,59,367,577,1
160,241,49,2,1,2,56,512,347,0
161,277,26,0,0,3,100,984,189,0
162,129,61,1,1,1,80,553,417,1
163,35,57,1,0,4,111,1000,394,0
164,91,23,0,2,0,113,645,304,0
165,54,45,2,2,1,59,299,924,0
166,57,25,2,2,0,81,572,326,1
167,76,50,0,1,0,47,278,489,1
168,363,47,1,0,2,40,227,255,1
169,78,33,2,1,1,39,299,295,1
170,305,19,1,1,1,77,402,193,0
171,74,49,1,2,2,92,809,128,0
172,340,45,1,2,0,76,647,102,0
173,152,38,1,0,1,28,200,829,0
174,77,22,2,1,2,109,965,105,1
175,346,38,2,0,3,82,560,244,1
176,184,61,2,0,2,31,246,743,0
177,340,25,0,2,3,107,821,352,1
178,24,41,2,0,1,47,395,671,0
179,246,61,2,1,0,57,408,608,1
180,187,38,2,2,3,48,348,474,1
181,355,54,2,2,1,69,487,512,1
182,76,58,0,0,0,97,862,946,1
183,146,63,1,1,4,55,525,832,0
184,36,45,1,0,0,118,775,420,0
185,303,30,2,2,4,72,608,587,1
186,156,34,1,1,4,94,690,776,0
187,54,51,2,2,2,108,611,418,0
188,64,59,0,1,2,71,641,208,0
189,104,53,0,2,3,98,900,139,0
190,338,60,0,1,3,109,780,88,0
191,77,40,0,2,0,20,113,84,0
192,322,62,0,1,4,31,247,191,1
193,3,52,1,0,2,73,456,466,0
194,229,55,2,2,0,105,931,134,1
195,8,30,1,0,0,25,212,265,1
196,30,41,2,0,1,102,944,922,0
197,106,39,0,2,4,78,666,165,0
198,319,31,1,2,2,33,206,43,1
199,1,61,2,1,2,106,706,655,1
200,253,48,2,2,2,68,565,619,0
201,4,46,0,2,3,27,246,780,0
202,288,49,1,0,0,72,591,78,0
203,73,39,2,1,1,52,486,1,0
204,193,24,1,1,0,51,275,93,0
205,104,43,1,0,3,36,301,245,1
206,52,56,0,0,1,74,398,494,1
207,179,57,1,0,0,64,474,9,1
208,151,54,0,1,3,62,613,28,1
209,233,25,1,2,0,106,766,521,0
210,55,49,1,0,0,120,614,324,0
211,11,52,2,2,4,101,548,280,1
212,237,50,0,2,2,69,655,240,0
213,265,50,0,2,1,34,266,952,1
214,329,64,0,1,3,98,769,400,0
215,334,38,0,0,0,111,1025,610,1
216,97,27,1,1,0,70,540,251,0
217,238,41,2,0,4,83,741,422,0
218,311,52,1,0,3,92,852,387,1
219,355,62,2,1,1,58,368,402,0
220,294,28,1,0,2,26,169,289,1
221,140,58,0,0,3,59,466,942,1
222,39,53,0,0,3,89,593,687,1
223,357,52,2,1,2,78,608,266,1
224,190,58,0,1,2,23,227,655,1
225,78,27,1,1,4,116,816,685,1
226,132,64,1,1,1,44,234,327,0
227,129,24,1,2,3,53,489,820,1
228,63,43,1,1,1,29,205,834,1
229,123,40,2,0,4,47,235,344,0
230,134,41,2,2,0,85,512,843,0
231,247,56,2,1,1,64,561,406,0
232,133,25,0,0,2,45,404,165,0
233,219,53,1,2,2,30,223,137,0
234,336,18,2,0,0,42,248,103,1
235,334,20,0,2,3,78,619,65,1
236,356,36,0,2,4,87,725,566,0
237,146,50,0,0,4,117,959,87,1
238,15,62,1,1,0,69,600,299,0
239,6,36,2,0,0,94,735,307,1
240,53,30,2,0,1,48,437,38,0
241,93,33,1,0,4,101,714,74,1
242,206,55,2,1,3,105,867,737,0
243,285,29,2,0,3,112,654,381,1
244,23,64,2,0,3,102,549,757,0
245,15,44,2,0,3,63,452,101,0
246,26,18,1,0,2,36,328,716,1
247,333,47,1,2,3,109,1040,543,0
248,104,43,1,1,1,27,204,462,1
249,265,22,1,0,4,65,428,150,0
250,36,50,2,1,1,58,505,666,0
251,34,41,2,1,2,68,465,608,1
252,101,60,2,1,4,77,446,522,0
253,95,29,1,0,3,52,431,270,1
254,177,19,1,0,3,40,362,13,0
255,176,45,2,0,0,84,476,771,0
256,353,53,1,1,0,112,733,795,1
257,50,35,1,0,4,108,785,140,1
258,336,40,1,2,1,92,782,907,1
259,98,49,0,2,0,87,622,459,1
260,357,24,0,0,3,80,512,606,0
261,38,45,2,2,0,56,491,767,0
262,48,39,0,0,1,31,171,314,0
263,14,48,0,2,4,44,396,231,0
264,242,55,1,1,4,35,320,117,1
265,190,62,0,0,3,75,639,425,1
266,214,64,2,1,4,26,192,456,1
267,282,26,2,0,3,78,500,306,0
268,177,33,0,1,1,31,164,676,0
269,84,49,1,2,3,70,378,179,1
270,194,59,0,0,2,32,272,183,0
271,218,63,1,2,4,120,1058,112,0
272,323,23,0,2,3,35,210,636,0
273,339,65,2,0,2,36,279,108,0
274,108,18,2,2,0,85,499,164,0
275,64,53,0,0,2,61,415,203,0
276,207,26,0,1,0,53,429,577,1
277,34,25,0,2,2,106,640,699,1
278,109,38,0,2,0,114,1087,906,0
279,312,21,0,0,2,44,302,326,0
280,268,58,1,1,4,34,201,149,1
281,228,35,0,2,2,88,618,499,1
282,241,27,2,0,0,32,310,191,1
283,252,24,0,1,0,50,366,243,0
284,242,19,2,2,1,89,848,544,0
285,135,61,2,1,0,57,303,836,0
286,162,19,0,0,0,98,931,364,0
287,103,22,2,0,3,114,939,738,1
288,18,53,2,0,0,29,177,265,0
289,179,58,2,0,0,107,629,761,0
290,4,20,0,1,2,113,1049,860,0
291,112,30,1,1,4,95,668,83,1
292,235,60,0,2,4,119,994,430,1
293,285,26,1,0,3,97,876,630,1
294,150,49,0,1,0,89,655,187,1
295,356,64,0,1,1,54,404,726,1
296,290,41,2,0,4,72,642,707,1
297,235,52,0,2,1,94,588,936,0
298,81,24,1,1,4,116,871,270,0
299,253,47,0,2,0,120,900,29,0
300,97,62,2,1,1,92,853,196,1
301,270,59,1,0,1,42,283,663,1
302,347,38,1,1,2,23,226,22,0
303,292,50,1,2,1,92,797,197,0
304,101,57,1,0,0,108,949,805,0
305,306,42,2,0,0,46,396,878,1
306,274,65,1,1,3,104,941,67,0
307,99,23,2,1,4,83,481,758,1
308,141,39,1,2,3,91,830,702,1
309,200,19,2,1,0,76,669,898,1
310,160,19,0,2,3,46,380,153,0
311,213,37,2,2,1,120,964,690,1
312,23,31,2,2,0,54,441,384,0
313,335,62,0,0,2,100,935,724,1
314,89,40,2,1,4,99,599,82,0
315,43,19,1,1,1,79,535,494,1
316,202,28,2,2,0,75,422,670,0
317,6,36,2,1,4,74,528,152,1
318,76,59,0,0,4,120,797,466,1
319,187,49,1,0,2,33,226,148,0
320,134,35,0,1,0,107,543,524,0
321,317,64,1,0,4,98,494,823,1
322,324,61,2,2,3,69,388,782,0
323,90,57,0,2,1,24,144,923,0
324,45,47,1,0,3,70,512,645,1
325,169,52,1,0,2,76,390,63,1
326,112,64,1,0,3,35,198,647,1
327,194,50,1,2,4,31,305,976,0
328,176,27,1,2,1,90,551,859,0
329,207,35,0,1,2,51,453,271,1
330,139,63,2,0,2,47,340,745,1
331,323,56,2,2,2,62,315,681,1
332,75,57,1,2,4,64,609,193,0
333,168,51,0,2,1,92,599,268,0
334,259,58,1,1,0,24,168,909,1
335,185,53,0,0,0,80,755,225,1
336,25,34,2,1,0,29,210,32,0
337,0,57,0,2,1,118,760,731,1
338,100,20,0,1,0,116,1075,125,1
339,281,43,2,2,1,36,285,958,1
340,44,27,0,2,2,100,750,306,1
341,342,36,1,1,1,46,257,65,0
342,319,50,1,1,4,37,327,302,1
343,348,27,0,1,3,48,354,605,0
344,142,32,2,0,1,119,1118,283,0
345,180,44,1,0,2,20,180,200,1
346,7,26,0,2,0,118,813,153,1
347,23,33,0,2,2,104,814,431,0
348,107,22,1,1,3,53,396,77,0
349,225,36,1,1,0,84,756,808,1
350,76,60,2,1,4,83,750,834,1
351,323,28,0,1,0,35,203,826,1
352,284,53,2,0,1,79,448,324,1
353,19,58,2,2,0,25,201,454,0
354,301,20,1,1,0,116,997,520,1
355,224,46,2,2,0,66,621,430,1
356,52,65,1,1,3,73,605,206,0
357,57,26,0,0,0,52,462,827,0
358,331,48,2,0,1,74,719,143,0
359,110,59,0,0,2,48,332,174,1
360,150,47,1,2,2,31,192,614,0
361,243,38,2,1,0,111,900,648,1
362,261,49,1,2,3,56,504,231,1
363,33,40,1,1,0,36,272,397,1
364,124,33,2,1,2,108,813,880,1
365,263,38,1,2,4,56,347,733,1
366,19,30,1,1,2,80,611,467,1
367,223,22,1,1,4,80,659,655,1
368,177,40,2,0,2,55,511,360,0
369,292,44,1,1,1,92,642,524,1
370,263,59,0,1,0,40,391,245,1
371,116,54,0,0,4,63,389,517,1
372,249,51,0,1,3,55,424,963,1
373,56,45,0,2,4,46,418,442,1
374,28,34,1,1,3,21,107,803,0
375,31,51,0,1,1,63,448,301,0
376,202,44,1,2,3,99,671,937,0
377,222,48,2,2,0,45,404,374,0
378,294,18,2,0,0,27,158,912,0
379,187,51,0,2,4,52,390,125,0
380,261,51,1,1,0,63,476,111,1
381,243,64,1,0,3,59,369,307,1
382,356,40,1,2,0,75,671,766,0
383,119,23,2,2,3,35,203,853,0
384,336,20,2,1,0,85,835,721,0
385,213,54,2,0,0,43,385,272,0
386,185,59,1,2,0,71,551,377,1
387,188,61,1,0,2,28,175,501,0
388,316,39,2,1,2,77,545,155,0
389,162,52,1,1,1,71,441,655,0
390,193,42,1,2,3,87,621,361,1
391,355,57,1,0,0,101,993,931,0
392,119,56,0,0,4,105,947,614,1
393,348,57,1,2,0,102,729,804,1
394,217,45,2,2,4,112,960,181,0
395,242,39,2,2,3,89,774,967,1
396,49,18,2,1,1,109,634,831,1
397,197,49,0,0,1,115,798,435,0
398,56,40,0,2,1,45,245,896,0
399,365,46,2,0,2,97,841,19,1
400,292,51,1,0,1,57,393,487,0
401,198,30,1,1,3,54,418,178,0
402,237,41,0,0,3,73,613,66,0
403,361,19,0,0,2,113,663,934,0
404,154,38,0,1,4,43,281,117,0
405,311,58,2,0,4,92,575,574,0
406,37,34,2,0,0,62,539,954,1
407,152,44,2,0,1,68,515,627,0
408,88,63,0,1,4,96,733,405,0
409,63,56,1,0,1,26,215,8,0
410,233,48,2,0,1,57,351,682,0
411,219,28,0,0,2,48,282,881,1
412,189,46,0,1,2,62,408,837,0
413,249,31,2,1,1,74,714,436,1
414,74,56,1,0,2,49,262,303,0
415,365,33,0,1,2,53,442,596,0
416,349,39,2,2,3,56,444,33,0
417,93,30,1,2,0,96,947,373,1
418,36,50,1,1,2,34,240,194,0
419,160,41,0,0,2,74,433,106,0
420,358,58,1,0,3,83,420,766,1
421,210,56,0,1,0,85,463,152,0
422,195,60,0,0,1,77,386,621,0
423,211,48,1,0,3,101,810,95,0
424,96,44,1,2,3,29,243,273,1
425,259,33,0,1,3,101,767,469,0
426,188,27,0,0,2,75,477,177,1
427,130,29,0,2,4,57,462,77,1
428,161,46,1,2,2,39,318,51,1
429,10,53,0,2,0,33,275,734,0
430,185,54,0,1,0,60,450,424,0
431,348,22,0,2,2,116,1087,149,1
432,173,48,2,1,2,87,857,665,1
433,142,27,2,0,1,114,992,583,0
434,5,49,1,1,0,85,669,826,1
435,84,33,2,2,1,78,761,641,0
436,223,55,0,1,3,34,255,873,1
437,235,49,1,0,2,41,366,69,0
438,135,32,2,1,3,28,223,41,0
439,138,30,2,1,3,55,319,822,1
440,210,64,1,1,2,62,442,848,1
441,78,31,1,2,0,22,165,75,0
442,163,54,0,1,2,102,981,529,0
443,295,44,1,2,2,91,631,506,1
444,50,64,0,0,3,63,624,900,0
445,146,52,2,2,2,109,617,655,1
446,23,42,0,1,2,67,443,594,0
447,71,31,2,1,1,86,485,107,0
448,236,54,2,1,3,81,808,302,1
449,193,47,0,1,0,69,663,516,1
450,36,28,1,2,3,40,335,152,1
451,45,46,0,2,0,86,662,217,1
452,330,26,0,1,4,98,584,848,1
453,237,58,0,2,3,51,396,30,0
454,146,27,2,2,3,97,957,602,1
455,278,36,2,2,0,119,1186,498,1
456,363,49,2,0,3,43,347,122,0
457,325,18,1,0,4,24,125,24,1
458,272,58,2,1,2,79,408,101,1
459,111,42,0,0,3,79,556,177,0
460,213,50,0,2,2,93,899,335,0
461,142,55,0,0,2,28,218,336,0
462,213,22,0,0,4,44,299,646,0
463,198,51,1,0,1,31,230,850,1
464,262,27,2,0,4,52,279,323,0
465,245,24,2,0,3,47,349,29,1
466,300,34,0,2,4,22,159,562,1
467,181,21,0,1,3,76,526,971,0
468,60,36,0,1,3,37,338,338,0
469,344,20,1,2,3,119,695,450,1
470,104,28,0,1,1,96,545,683,1
471,341,48,0,2,3,38,299,710,1
472,333,25,2,0,3,99,705,672,1
473,107,34,1,0,0,118,685,798,1
474,327,60,2,0,4,67,536,899,1
475,116,61,0,0,2,101,913,950,0
476,91,35,0,0,3,82,538,538,1
477,60,28,1,1,4,89,728,247,0
478,8,34,1,0,0,41,300,585,1
479,95,28,2,0,0,96,537,666,1
480,296,49,2,1,1,54,384,111,0
481,143,58,0,1,4,55,447,414,0
482,14,32,1,0,1,95,816,479,0
483,117,49,0,1,2,94,808,184,1
484,212,51,1,0,2,27,229,530,1
485,69,60,2,0,1,22,214,350,0
486,287,30,0,2,3,39,244,469,1
487,313,30,0,1,4,110,856,234,1
488,88,50,1,1,3,66,558,210,1
489,73,57,1,2,2,101,694,913,0
490,32,28,0,1,0,81,607,762,0
491,353,26,0,1,4,23,118,422,1
492,211,60,0,2,3,107,667,31,1
493,74,33,1,0,4,32,282,22,1
494,19,23,1,2,4,59,304,505,0
495,43,52,2,0,2,71,370,124,1
496,104,61,0,1,2,51,441,326,1
497,135,42,0,2,0,95,749,628,1
498,46,18,2,1,2,20,170,895,1
499,276,47,2,0,3,120,766,403,1
500,231,27,2,2,0,30,286,979,0
501,74,60,0,1,3,109,1022,730,0
502,6,54,1,2,4,95,876,785,0
503,264,24,0,2,4,99,647,339,1
504,181,39,2,1,0,25,170,653,1
505,1,65,1,2,2,119,812,757,0
506,345,22,1,1,4,78,502,204,0
507,54,30,1,2,2,115,678,369,1
508,341,30,2,0,3,78,701,623,0
509,164,29,1,0,4,55,347,464,1
510,284,19,2,1,3,105,778,164,0
511,357,57,1,1,0,58,465,491,0
512,47,54,1,0,4,49,273,292,1
513,69,60,0,2,1,72,539,499,0
514,105,63,1,2,0,49,372,971,0
515,104,43,2,0,1,115,772,838,0
516,86,26,1,0,2,81,568,433,1
517,295,36,2,1,4,44,235,233,0
518,114,18,0,1,4,108,800,465,1
519,141,48,2,1,4,82,427,188,0
520,304,47,1,0,3,33,286,952,1
521,171,22,0,1,4,35,309,213,1
522,359,51,0,2,1,117,818,824,1
523,102,32,2,2,0,112,1053,40,0
524,113,62,0,2,4,58,449,776,0
525,131,39,1,0,0,83,742,464,0
526,331,37,0,2,2,23,191,935,0
527,336,41,1,2,3,45,254,291,1
528,231,61,2,2,0,107,959,648,1
529,127,57,2,2,2,97,535,239,1
530,117,48,0,2,1,102,738,396,0
531,343,22,1,2,2,28,180,86,1
532,283,63,2,0,0,66,438,891,1
533,251,33,2,2,3,111,708,310,1
534,169,22,0,0,1,109,663,752,0
535,82,35,1,0,3,73,481,906,0
536,256,28,2,0,4,86,827,231,0
537,297,64,2,0,2,73,427,947,0
538,197,23,2,0,3,103,1018,688,0
539,282,43,1,1,2,112,772,109,1
540,103,26,0,0,0,74,464,586,0
541,129,53,2,0,4,118,726,617,0
542,86,34,1,1,1,47,443,750,0
543,60,34,1,1,2,55,341,974,1
544,297,61,1,0,0,43,344,592,0
545,0,36,1,1,2,91,828,889,1
546,299,40,2,1,1,71,375,628,1
547,227,52,0,2,3,66,509,668,0
548,182,18,2,0,3,110,980,805,0
549,189,62,1,2,2,68,601,134,1
550,18,37,0,1,1,75,492,703,1
551,108,64,2,0,1,27,187,293,0
552,88,36,2,2,0,55,284,599,1
553,118,51,0,2,1,43,399,916,1
554,263,31,2,0,0,110,739,212,0
555,338,40,1,1,0,20,155,343,0
556,222,27,2,2,0,78,504,456,0
557,145,26,2,0,4,64,380,332,0
558,221,38,2,1,4,81,713,957,0
559,267,20,2,2,2,94,598,19,0
560,276,60,1,0,2,32,160,529,1
561,247,48,2,1,0,45,259,505,1
562,16,59,1,0,2,85,782,753,0
563,188,38,2,2,1,84,596,484,0
564,330,61,2,0,3,53,271,723,1
565,122,40,0,2,2,36,320,960,0
566,331,63,2,2,2,75,458,903,0
567,226,36,2,0,1,109,981,18,0
568,167,65,1,2,4,105,980,504,1
569,339,31,0,1,0,21,182,310,0
570,44,60,2,0,2,41,240,170,0
571,199,19,2,2,4,63,357,204,0
572,245,38,0,0,4,27,147,950,0
573,237,28,2,1,1,28,230,793,1
574,312,22,2,0,4,29,183,344,0
575,336,45,1,0,2,53,490,380,1
576,308,39,0,1,2,33,263,802,0
577,359,52,1,2,2,50,290,446,1
578,75,27,1,0,1,61,399,843,0
579,102,33,0,0,1,76,737,801,1
580,29,41,0,2,0,116,769,936,1
581,61,48,2,2,2,70,490,19,0
582,99,55,0,1,0,25,156,767,1
583,250,28,2,1,3,88,527,792,0
584,288,47,2,1,1,23,182,287,1
585,162,51,0,2,2,60,490,893,1
586,100,19,1,1,0,64,499,782,0
587,61,36,2,1,0,66,445,306,0
588,303,27,1,1,1,74,463,724,0
589,184,26,0,0,2,83,765,714,0
590,321,20,2,1,4,86,751,315,1
591,271,21,1,0,2,85,568,449,1
592,237,35,2,2,2,74,661,186,0
593,197,42,0,0,4,44,355,958,0
594,227,36,2,0,2,97,514,794,0
595,305,47,2,0,0,115,605,664,0
596,251,54,1,2,2,116,913,15,1
597,254,35,0,2,3,44,435,694,1
598,73,56,0,2,2,38,321,204,0
599,276,65,2,0,3,91,648,43,0
600,126,29,2,1,1,65,471,92,1
601,151,37,1,0,2,56,510,329,1
602,205,65,2,0,3,60,586,81,1
603,244,23,0,2,4,85,439,888,1
604,217,30,1,2,1,48,249,418,1
605,257,35,2,0,4,43,243,655,0
606,351,49,1,0,2,73,397,756,1
607,109,21,1,2,0,67,418,346,0
608,188,64,0,2,1,75,580,234,0
609,168,52,1,0,4,104,523,248,1
610,63,49,2,0,3,37,195,852,0
611,333,33,2,2,0,115,576,309,1
612,267,64,2,1,2,108,983,83,1
613,135,25,0,1,2,96,726,500,0
614,13,43,0,0,0,120,603,280,1
615,323,56,1,0,3,98,895,439,0
616,330,32,0,0,0,51,457,841,0
617,172,64,0,2,4,27,219,778,0
618,127,26,0,1,2,81,571,693,0
619,149,57,2,2,4,118,664,447,1
620,348,25,0,2,3,118,1130,608,0
621,207,25,1,1,1,93,599,532,0
622,126,63,1,0,1,116,956,852,0
623,267,29,0,1,3,37,220,224,0
624,233,63,0,1,1,64,349,705,1
625,295,34,2,1,4,120,948,381,0
626,48,46,1,2,3,87,516,521,1
627,341,47,2,1,1,52,444,887,0
628,293,44,1,1,4,36,312,585,0
629,363,39,2,2,3,63,364,937,1
630,104,21,0,2,3,89,840,247,0
631,186,37,2,1,1,91,908,161,0
632,325,56,1,0,4,100,640,676,1
633,307,61,1,0,2,21,196,242,0
634,17,54,2,2,1,63,546,231,1
635,84,49,1,0,1,73,427,322,0
636,245,40,1,1,3,71,588,920,1
637,158,32,0,1,2,83,599,367,1
638,55,26,1,2,1,120,1184,768,0
639,49,29,1,2,3,41,370,839,0
640,86,33,2,0,0,32,224,974,0
641,298,59,2,2,3,43,422,438,0
642,351,54,2,2,3,105,1028,963,1
643,306,31,0,2,3,36,216,26,0
644,137,59,2,1,2,67,521,720,1
645,340,50,1,0,2,55,443,857,1
646,270,24,0,2,2,118,595,333,1
647,233,48,1,1,4,88,690,167,1
648,362,22,1,0,1,31,266,420,1
649,199,51,2,0,4,110,937,703,1
650,357,31,2,2,0,77,665,615,1
651,168,34,1,1,4,38,274,151,0
652,49,23,0,2,2,105,724,391,0
653,331,38,2,0,2,36,233,255,0
654,234,43,1,2,1,56,306,121,1
655,339,19,0,2,4,61,419,329,0
656,363,34,0,1,0,95,673,528,1
657,328,32,2,2,4,89,466,404,1
658,325,47,2,2,0,44,319,467,0
659,319,48,0,2,4,84,477,557,0
660,322,21,1,0,3,88,867,343,0
661,318,59,2,1,3,69,456,506,1
662,61,35,0,1,0,29,251,785,1
663,23,49,1,2,3,77,736,757,0
664,294,27,0,2,0,62,335,796,1
665,237,54,1,1,2,98,620,312,0
666,354,40,2,1,0,88,712,941,1
667,264,21,1,1,2,31,272,432,0
668,99,44,0,0,4,74,499,197,0
669,112,48,0,2,3,29,153,491,0
670,155,65,1,2,2,68,395,748,0
671,16,27,1,0,4,68,676,879,1
672,242,38,1,1,3,51,299,963,1
673,39,30,0,1,3,22,206,569,1
674,322,55,2,1,1,75,707,338,1
675,338,38,2,1,0,73,485,91,0
676,246,58,0,1,2,74,614,764,1
677,261,29,0,1,2,66,421,272,1
678,230,30,1,1,1,109,815,368,0
679,226,56,0,2,2,61,312,685,1
680,211,19,1,2,0,67,615,485,1
681,231,29,1,0,2,49,360,36,1
682,277,44,0,2,3,106,913,629,1
683,153,63,2,2,0,23,189,296,1
684,259,40,0,1,1,73,656,870,1
685,94,41,2,1,1,115,1137,5,1
686,191,48,1,1,2,54,440,127,1
687,36,65,2,2,1,42,344,429,0
688,365,25,2,1,3,55,448,298,0
689,195,59,1,0,3,89,790,577,1
690,313,44,2,1,0,105,797,525,0
691,241,31,1,0,3,62,477,376,1
692,109,27,0,1,2,22,110,923,1
693,255,36,0,1,0,66,389,415,1
694,262,29,2,1,2,112,1010,298,0
695,108,63,0,0,2,21,136,979,0
696,306,34,2,1,2,42,366,847,0
697,269,42,0,2,3,108,954,106,1
698,286,52,1,1,4,94,842,207,1
699,169,51,1,2,3,64,459,637,1
700,272,24,2,1,0,86,524,655,0
701,218,63,0,0,0,77,394,377,0
702,217,54,0,0,3,109,1084,535,0
703,269,41,0,0,2,103,984,308,1
704,336,44,0,1,4,84,624,414,1
705,162,47,1,1,2,114,920,582,1
706,266,25,1,1,1,72,380,225,1
707,291,20,1,0,3,64,562,651,1
708,244,35,2,0,1,64,541,953,0
709,75,57,2,1,0,93,624,26,1
710,312,58,2,2,0,38,193,30,0
711,137,35,1,0,1,114,694,221,1
712,14,39,0,2,0,49,302,392,0
713,36,35,1,1,4,68,590,625,0
714,122,61,1,0,1,44,325,403,0
715,348,62,1,0,4,24,190,65,1
716,358,54,1,1,1,88,640,487,1
717,220,39,0,2,0,39,248,269,0
718,82,32,2,0,1,117,666,711,1
719,18,34,1,2,2,99,967,152,1
720,207,44,1,0,2,51,399,734,0
721,28,38,2,2,2,70,604,494,0
722,168,51,1,2,0,95,525,395,1
723,247,64,0,2,0,54,414,200,1
724,265,59,0,2,2,79,620,119,0
725,315,47,2,2,2,76,720,491,0
726,349,65,0,1,4,58,425,354,1
727,303,21,2,0,3,111,1002,820,0
728,130,43,1,0,3,58,555,922,1
729,117,39,0,1,3,48,433,550,1
730,112,45,0,1,1,85,543,612,0
731,154,49,1,2,4,69,505,61,0
732,91,35,2,1,3,89,709,52,0
733,257,23,2,0,2,30,282,46,1
734,40,42,1,1,3,58,481,830,0
735,310,51,2,1,2,102,916,144,1
736,45,51,1,2,0,118,901,235,0
737,35,36,0,1,2,95,587,849,1
738,42,23,1,0,4,70,350,582,0
739,358,37,1,0,4,22,209,569,0
740,79,21,1,2,1,32,175,950,1
741,318,30,0,0,0,75,436,541,0
742,289,49,0,0,2,43,358,323,1
743,67,47,0,2,2,103,723,914,1
744,279,58,1,1,2,114,887,973,1
745,64,64,1,2,1,24,165,185,0
746,314,19,2,0,2,45,439,589,1
747,38,62,2,2,1,55,485,862,1
748,168,57,2,1,0,80,481,519,0
749,347,31,2,0,3,48,314,931,0
750,224,40,2,0,4,44,293,694,0
751,157,53,1,0,2,21,109,727,1
752,276,46,1,0,4,71,667,441,0
753,286,43,0,1,3,54,439,756,1
754,64,40,0,2,3,32,181,568,0
755,149,53,0,1,1,53,480,223,0
756,54,23,0,0,1,37,286,820,1
757,267,47,0,0,3,52,264,807,0
758,47,21,1,0,0,116,1059,125,0
759,130,35,2,0,2,91,762,323,1
760,29,45,1,1,4,103,591,463,0
761,199,43,1,0,4,63,447,589,0
762,210,37,2,0,4,80,677,443,1
763,40,24,1,0,0,44,319,154,0
764,45,30,2,1,1,95,774,392,0
765,52,46,1,1,3,38,333,952,1
766,212,24,1,0,0,23,171,12,1
767,189,31,2,0,0,105,803,100,1
768,280,57,0,1,2,72,476,870,1
769,158,54,1,1,3,66,348,776,0
770,316,65,0,0,1,84,507,879,0
771,54,19,1,2,2,79,694,432,0
772,151,49,0,2,0,92,483,124,1
773,289,36,0,0,4,94,563,860,1
774,64,60,1,2,0,52,501,109,0
775,246,38,1,2,3,69,685,857,1
776,323,18,0,0,4,93,860,604,0
777,315,26,1,2,1,120,1093,116,1
778,258,24,2,1,4,116,693,824,1
779,5,47,1,1,3,58,538,943,1
780,336,43,1,1,3,87,475,204,0
781,301,56,1,1,3,79,652,975,1
782,177,64,0,0,2,49,256,724,1
783,85,18,1,2,4,118,717,43,1
784,317,31,2,0,2,25,242,233,0
785,151,28,2,0,0,106,1025,419,1
786,225,54,1,1,4,22,160,153,0
787,278,36,1,1,2,59,340,904,0
788,89,55,0,2,3,82,703,552,1
789,7,58,1,2,1,43,420,914,1
790,184,64,0,1,0,111,676,921,0
791,26,27,2,2,0,60,410,666,0
792,285,51,0,2,3,80,421,314,0
793,43,27,2,1,4,82,604,719,1
794,242,47,0,0,0,42,268,439,0
795,302,45,0,0,4,21,173,155,1
796,278,52,0,1,1,71,640,937,1
797,248,48,2,1,2,49,357,409,1
798,280,44,1,0,2,95,784,513,0
799,88,39,0,1,0,54,406,69,1
800,226,62,2,0,1,74,386,29,1
801,222,39,2,0,3,83,803,616,1
802,236,51,0,0,0,85,703,893,0
803,272,53,0,2,4,44,375,668,0
804,255,62,2,1,1,106,806,904,0
805,263,51,0,2,3,54,502,110,1
806,334,44,2,1,3,44,334,620,0
807,107,35,0,0,0,103,715,250,1
808,229,38,2,2,4,45,385,702,0
809,150,22,0,2,1,108,1011,925,0
810,1,48,1,1,4,28,145,937,1
811,356,52,2,2,0,61,370,584,0
812,312,52,1,0,4,20,148,633,1
813,313,43,1,1,0,109,722,661,1
814,305,18,0,0,2,102,723,842,1
815,243,20,1,2,3,68,376,676,0
816,109,21,1,0,2,86,548,615,1
817,191,21,1,0,4,22,145,610,0
818,126,31,2,1,2,91,765,547,1
819,184,61,1,0,0,108,679,13,0
820,37,38,0,1,0,39,206,804,1
821,290,45,0,0,0,110,612,64,0
822,28,36,1,2,2,33,193,908,1
823,176,37,1,2,0,103,847,486,1
824,91,61,0,2,1,68,354,28,0
825,292,55,1,1,2,40,221,345,0
826,294,18,0,2,2,112,911,545,0
827,261,37,2,1,4,58,485,41,1
828,296,50,1,1,3,114,1078,457,0
829,329,65,0,0,1,39,196,486,1
830,289,18,0,2,1,95,637,506,1
831,64,61,2,2,0,103,1003,821,1
832,118,57,2,0,4,39,357,274,0
833,15,61,1,0,1,110,678,298,0
834,270,37,2,2,0,23,173,40,1
835,241,56,0,2,3,76,533,482,1
836,283,64,0,2,0,44,354,43,1
837,60,55,1,2,1,42,410,30,0
838,94,18,2,1,3,72,643,963,1
839,266,18,2,1,1,100,665,586,0
840,40,23,0,1,4,62,611,880,0
841,130,65,0,1,3,109,897,817,1
842,121,60,0,1,4,113,647,874,0
843,216,42,1,2,2,72,673,42,0
844,223,29,1,0,2,88,600,519,1
845,249,39,0,1,4,65,550,141,1
846,314,61,0,0,1,25,201,955,1
847,74,59,2,2,1,93,908,584,1
848,276,19,0,2,0,70,684,650,1
849,51,48,1,0,1,80,440,890,1
850,93,43,1,0,4,25,183,221,0
851,97,57,2,0,1,38,288,159,1
852,313,23,0,1,0,64,500,145,1
853,199,46,0,0,2,87,626,788,1
854,354,36,2,2,1,119,1072,17,1
855,346,57,1,0,0,92,567,226,1
856,337,52,1,0,1,61,571,61,1
857,44,28,1,1,1,27,176,257,0
858,11,51,0,2,2,31,296,167,1
859,304,48,0,0,0,31,207,693,0
860,182,31,1,0,3,101,612,899,0
861,40,23,0,0,4,23,211,163,1
862,237,54,1,0,0,111,603,758,1
863,163,31,1,0,1,72,400,495,0
864,127,52,0,2,1,24,175,546,0
865,204,54,2,1,2,106,915,172,0
866,73,34,1,1,0,50,485,931,1
867,315,26,1,1,2,95,576,446,1
868,168,39,1,0,0,104,807,772,1
869,297,48,0,2,2,116,1018,60,0
870,1,45,1,0,1,23,206,673,0
871,48,26,1,1,3,42,235,586,0
872,340,39,2,0,4,36,325,410,0
873,36,42,2,0,1,77,607,45,0
874,182,41,2,2,4,93,471,49,1
875,66,49,1,0,0,44,221,158,1
876,182,18,0,2,3,98,898,388,1
877,246,34,1,2,4,40,236,530,1
878,159,59,1,0,0,89,577,335,1
879,213,29,0,2,3,110,723,16,1
880,171,27,0,2,3,81,602,803,0
881,133,36,1,1,1,63,514,131,0
882,202,27,1,1,3,57,359,559,0
883,257,30,0,0,3,96,807,43,0
884,302,62,2,2,1,109,807,963,1
885,259,32,1,1,1,108,619,133,0
886,310,22,0,1,1,101,909,705,0
887,65,43,1,2,1,37,295,246,1
888,336,40,1,2,2,42,318,584,0
889,218,38,2,0,3,84,609,430,1
890,67,27,2,0,3,59,443,589,0
891,283,37,2,2,3,105,611,782,1
892,364,62,1,0,2,26,189,278,1
893,246,40,2,1,4,31,232,8,0
894,51,43,0,1,4,86,562,31,1
895,62,20,1,1,3,73,578,552,0
896,308,21,2,2,2,22,163,589,0
897,162,19,0,2,4,54,369,730,1
898,297,49,0,1,1,82,753,361,0
899,162,31,2,2,3,34,222,257,1
900,86,32,0,2,0,20,104,71,0
901,322,50,0,1,2,30,239,791,0
902,244,57,2,1,2,100,805,830,0
903,46,58,1,1,1,20,109,147,1
904,23,27,0,2,0,111,1004,356,0
905,133,21,2,1,0,112,706,603,1
906,306,42,1,2,3,76,534,42,1
907,316,33,2,1,2,60,354,680,1
908,105,56,2,2,1,26,199,408,1
909,323,48,2,0,3,25,202,232,0
910,343,21,2,1,0,69,674,423,0
911,126,53,0,1,0,57,386,665,1
912,31,46,0,0,0,28,144,262,0
913,274,52,2,0,1,33,297,885,0
914,211,52,1,1,4,45,252,185,1
915,186,47,0,0,3,40,310,308,0
916,165,51,2,2,1,74,631,40,0
917,116,40,1,1,1,93,650,124,1
918,258,36,1,1,0,63,429,516,1
919,206,65,0,0,3,109,692,684,0
920,188,31,2,0,1,109,889,498,1
921,217,24,1,0,3,74,431,681,0
922,18,43,0,2,4,77,439,69,1
923,44,23,2,1,4,74,721,923,0
924,188,57,1,0,4,43,241,83,1
925,294,24,2,2,2,73,640,725,1
926,312,54,1,2,4,36,248,666,1
927,294,36,1,0,0,84,765,752,0
928,176,46,2,1,1,84,490,338,1
929,350,31,1,0,3,118,787,938,0
930,35,48,0,1,3,75,530,186,1
931,266,20,2,2,3,117,826,372,1
932,46,42,1,1,2,89,814,687,1
933,25,53,1,0,3,32,269,187,0
934,262,33,2,2,2,96,814,586,1
935,207,46,2,1,1,69,367,128,0
936,144,57,2,0,1,75,668,365,1
937,4,45,1,0,4,110,966,352,1
938,283,51,0,2,4,51,272,825,1
939,126,43,2,1,2,77,642,906,0
940,239,63,0,1,0,60,450,453,1
941,99,23,0,1,1,27,239,801,0
942,245,51,1,2,0,74,616,503,0
943,299,54,1,0,2,51,504,620,1
944,90,29,0,1,1,54,305,753,0
945,283,31,0,2,0,80,411,907,0
946,155,21,0,0,4,37,197,772,1
947,252,60,2,1,4,39,230,853,0
948,16,62,0,0,4,117,767,866,1
949,9,26,2,0,1,97,698,93,1
950,116,61,1,2,4,86,498,408,0
951,108,56,0,2,3,54,503,506,1
952,9,53,0,0,0,48,336,96,0
953,135,30,0,2,1,99,628,55,1
954,37,36,2,2,1,60,466,825,0
955,117,26,2,2,4,63,410,498,0
956,150,38,1,2,0,98,962,845,1
957,217,53,2,2,0,45,292,470,0
958,328,53,0,0,2,39,202,89,1
959,94,46,1,1,3,21,150,196,1
960,149,37,2,1,3,35,204,910,1
961,258,30,1,1,1,102,582,932,1
962,14,47,0,2,0,93,576,445,1
963,91,35,1,0,3,80,765,956,0
964,237,21,2,1,4,68,370,191,0
965,272,27,0,2,4,37,321,271,0
966,310,37,2,0,1,85,629,211,0
967,200,29,2,2,2,96,628,521,1
968,8,26,0,1,0,37,365,473,0
969,278,65,1,2,2,68,540,855,1
970,38,51,1,0,1,81,490,969,0
971,255,49,0,2,4,119,852,42,0
972,167,49,1,0,4,65,640,630,0
973,357,63,2,2,1,24,206,408,0
974,285,58,0,0,0,76,435,295,1
975,21,34,2,1,3,102,535,869,0
976,39,34,0,2,2,100,830,134,0
977,36,38,2,1,2,87,525,60,1
978,267,38,2,1,3,58,340,476,1
979,80,41,1,2,1,33,310,919,1
980,331,41,1,0,3,61,450,624,0
981,255,22,1,2,3,23,195,866,0
982,293,64,0,0,0,30,198,611,1
983,131,30,0,0,3,85,589,504,0
984,6,31,1,1,1,89,459,396,0
985,96,47,0,0,3,57,503,908,0
986,229,32,2,2,0,67,601,782,0
987,286,28,2,1,4,27,167,447,0
988,57,31,0,1,4,58,392,34,0
989,326,52,0,1,3,50,383,839,0
990,37,26,2,2,1,62,542,242,1
991,261,60,2,0,2,73,665,870,1
992,353,59,1,2,3,66,486,60,1
993,202,35,1,0,0,104,715,360,0
994,96,42,1,0,4,88,700,640,0
995,241,58,0,1,0,111,645,379,0
996,339,65,0,0,4,63,375,5,0
997,165,41,2,2,4,110,995,399,1
998,12,57,0,2,2,92,642,69,1
999,5,48,2,1,2,114,825,411,0
1000,145,62,2,0,1,111,591,298,1
1001,95,50,2,0,0,59,321,823,0
1002,326,32,0,0,2,30,152,629,0
1003,251,31,2,1,2,36,263,90,0
1004,355,28,0,2,2,108,790,354,1
1005,201,25,0,2,4,114,961,251,0
1006,363,18,0,2,2,37,327,819,0
1007,29,41,0,2,0,42,415,343,0
1008,195,20,2,0,3,56,540,904,1
1009,230,43,1,1,2,108,834,635,0
1010,261,56,2,1,0,22,110,704,0
1011,43,62,0,2,3,75,658,934,1
1012,288,49,2,2,4,35,294,880,0
1013,248,30,1,0,0,55,320,144,0
1014,294,36,0,2,0,94,891,834,1
1015,285,44,1,2,0,54,379,723,0
1016,238,64,1,1,0,99,645,356,1
1017,210,29,0,0,1,34,205,379,1
1018,246,65,0,0,0,115,790,717,1
1019,123,38,1,0,1,116,1048,511,0
1020,360,60,0,0,4,50,329,23,1
1021,362,46,2,0,0,47,370,671,1
1022,45,63,2,0,2,65,509,56,0
1023,69,59,1,1,1,94,721,335,0
1024,192,60,1,1,0,77,645,378,0
1025,257,60,2,2,2,57,472,171,0
1026,119,24,2,2,3,104,525,176,1
1027,362,29,1,2,2,29,186,646,1
1028,85,28,1,0,0,77,448,568,1
1029,122,64,2,1,4,78,425,806,1
1030,93,27,0,0,3,113,1008,916,1
1031,181,28,0,1,3,86,589,948,1
1032,233,27,0,1,2,116,684,975,1
1033,327,45,2,0,2,91,866,661,1
1034,192,20,2,2,1,75,466,167,1
1035,174,20,2,1,2,90,713,445,1
1036,27,44,2,2,3,104,583,376,0
1037,71,51,2,2,1,51,315,780,0
1038,167,29,2,0,2,48,375,101,1
1039,70,19,1,1,1,88,445,644,0
1040,357,62,0,0,0,71,605,205,0
1041,210,60,2,0,0,49,395,674,1
1042,115,27,2,1,4,62,329,356,1
1043,196,28,0,0,4,72,687,252,0
1044,226,54,0,0,2,28,265,184,1
1045,115,41,2,0,0,83,715,618,1
1046,166,42,2,2,3,23,188,344,0
1047,265,39,2,0,0,68,562,580,1
1048,88,26,0,0,3,38,236,127,1
1049,335,60,0,2,3,64,616,922,0
1050,39,60,0,1,2,20,191,506,0
1051,280,50,2,0,3,63,515,412,0
1052,156,27,1,2,3,105,697,171,0
1053,308,29,1,2,3,38,218,769,1
1054,134,52,2,2,3,115,667,172,1
1055,202,22,2,1,4,55,508,304,0
1056,225,18,2,1,3,74,637,939,0
1057,36,42,1,0,4,28,159,134,0
1058,294,26,0,1,2,44,431,898,0
1059,145,22,0,2,0,95,883,542,1
1060,79,45,0,2,1,55,451,587,1
1061,85,19,1,1,1,50,345,134,1
1062,271,38,0,2,1,35,333,714,0
1063,228,64,0,0,0,22,115,728,0
1064,208,37,1,1,0,81,479,125,1
1065,67,60,0,2,0,41,268,172,0
1066,354,37,1,0,4,27,140,30,1
1067,238,43,2,0,4,31,293,725,1
1068,265,56,0,2,4,47,342,516,0
1069,185,64,0,0,2,78,513,367,0
1070,45,25,2,1,1,35,337,915,0
1071,160,43,0,1,1,24,182,921,0
1072,318,18,2,1,3,75,690,444,0
1073,185,43,0,1,2,73,435,181,1
1074,122,36,0,1,3,50,348,604,1
1075,312,38,1,1,3,20,143,97,1
1076,275,61,2,2,1,37,196,839,0
1077,73,59,0,1,4,117,659,590,0
1078,13,49,1,2,1,44,351,683,0
1079,263,58,1,2,1,20,110,465,0
1080,231,48,2,2,3,78,542,418,0
1081,233,61,2,2,4,116,763,194,0
1082,136,48,2,2,3,109,756,416,0
1083,153,20,2,0,3,56,294,2,1
1084,77,28,2,0,4,74,672,932,0
1085,322,59,2,2,2,74,391,624,0
1086,252,36,0,2,1,106,661,32,0
1087,16,56,1,0,1,113,1039,774,0
1088,266,43,2,2,0,92,534,387,1
1089,285,41,2,2,2,27,228,294,1
1090,11,41,2,0,3,37,190,654,1
1091,336,19,0,1,2,114,1042,748,1
1092,235,52,2,1,2,119,867,305,0
1093,319,55,0,0,3,31,242,160,1
1094,196,65,2,2,0,34,253,387,0
1095,12,52,2,0,3,94,891,132,1
1096,191,39,0,2,3,39,268,30,0
1097,317,47,1,1,3,65,353,785,0
1098,240,48,1,2,4,118,901,719,0
1099,213,59,0,2,3,93,630,953,1
1100,182,45,2,0,3,103,563,32,0
1101,201,49,0,0,0,119,1121,557,0
1102,50,53,1,1,0,22,168,917,0
1103,10,23,0,1,3,32,239,373,0
1104,20,62,0,1,0,74,469,155,1
1105,148,33,0,2,1,80,582,664,0
1106,244,50,0,2,2,27,192,125,0
1107,242,42,0,2,2,65,461,886,1
1108,225,41,0,0,0,114,594,664,1
1109,285,32,2,2,3,53,422,644,1
1110,46,62,0,0,2,53,438,960,0
1111,159,21,0,2,2,37,204,253,1
1112,185,56,1,2,0,71,412,949,0
1113,40,51,0,0,2,32,319,364,1
1114,118,20,1,2,0,40,237,528,1
1115,52,58,0,0,2,30,282,553,1
1116,156,64,1,1,2,79,482,18,1
1117,352,43,0,0,3,43,392,264,1
1118,108,58,0,0,0,39,242,732,0
1119,149,23,2,0,1,87,867,598,1
1120,224,43,1,1,3,72,624,786,1
1121,218,25,1,0,4,83,681,343,1
1122,192,37,1,1,2,79,554,83,1
1123,146,22,0,2,4,68,420,785,1
1124,19,58,0,1,0,119,644,232,0
1125,209,42,0,1,3,105,1023,758,1
1126,226,20,1,2,1,95,743,145,1
1127,306,34,0,0,1,65,575,413,1
1128,168,46,2,0,1,44,394,146,0
1129,164,41,1,0,0,93,664,709,1
1130,210,27,2,1,4,85,838,958,0
1131,302,30,1,2,4,76,456,633,0
1132,2,19,2,2,4,97,925,240,0
1133,177,64,0,2,1,40,363,367,1
1134,329,29,0,0,0,102,938,123,1
1135,294,47,2,2,1,70,577,413,0
1136,261,22,2,0,4,65,474,122,0
1137,357,40,2,0,4,75,679,350,1
1138,65,51,1,0,0,100,905,518,1
1139,133,60,0,0,0,26,158,953,0
1140,153,64,0,2,4,55,491,724,0
1141,225,36,0,2,2,64,586,789,0
1142,315,38,1,2,0,46,343,331,0
1143,103,27,2,1,2,96,513,553,0
1144,330,48,2,1,4,70,474,156,0
1145,222,39,1,1,0,38,323,420,1
1146,157,57,0,2,3,106,622,267,1
1147,15,27,1,1,3,42,281,736,1
1148,151,51,2,1,0,73,671,509,0
1149,40,34,0,0,3,56,533,355,0
1150,231,45,1,2,2,65,332,251,0
1151,297,49,2,1,3,64,435,650,0
1152,316,47,1,0,4,82,416,483,1
1153,10,64,0,1,0,61,443,791,1
1154,10,51,1,2,4,21,105,395,0
1155,268,25,2,0,4,78,390,440,1
1156,326,36,0,0,3,117,911,62,1
1157,172,45,1,2,1,53,408,210,1
1158,130,25,2,0,3,52,508,755,1
1159,336,62,0,1,4,84,542,370,1
1160,275,44,2,2,0,60,554,960,1
1161,263,54,0,2,0,20,118,687,0
1162,326,28,0,2,4,55,278,920,0
1163,208,53,1,1,3,59,565,847,1
1164,57,43,0,0,0,102,714,618,0
1165,148,23,0,2,2,51,266,495,0
1166,244,18,2,2,3,92,693,969,0
1167,365,23,0,1,0,64,557,89,1
1168,171,33,0,1,1,63,410,910,0
1169,197,37,1,0,2,83,746,362,1
1170,290,18,2,1,0,32,188,66,0
1171,71,33,0,1,2,53,306,668,0
1172,250,33,0,0,4,20,144,254,0
1173,351,43,1,2,1,89,844,411,1
1174,132,54,1,2,3,76,382,685,1
1175,345,33,1,2,0,73,578,757,0
1176,67,36,1,0,0,20,198,964,1
1177,183,51,0,2,3,87,702,223,1
1178,84,27,1,1,3,79,719,919,0
1179,290,39,1,0,0,101,852,379,1
1180,203,55,1,1,2,21,189,927,1
1181,14,55,1,1,2,114,887,660,0
1182,14,60,1,0,3,94,626,724,0
1183,47,26,0,1,1,84,706,486,1
1184,136,36,0,0,4,110,918,613,1
1185,19,33,2,0,0,54,361,371,0
1186,215,65,1,1,4,87,592,337,1
1187,282,34,0,2,3,78,434,943,0
1188,275,63,0,2,0,39,383,496,0
1189,330,30,1,1,2,107,873,430,1
1190,57,42,1,1,2,33,213,687,1
1191,103,63,1,0,4,81,626,359,0
1192,253,63,2,0,4,103,800,459,0
1193,69,41,2,2,4,68,574,220,0
1194,272,55,2,1,4,20,102,599,0
1195,114,30,2,0,3,87,704,732,1
1196,284,31,2,2,3,58,500,158,1
1197,161,24,2,2,3,77,749,521,0
1198,151,20,2,2,3,75,697,705,0
1199,130,48,2,2,2,74,709,919,0
1200,104,48,1,0,1,98,616,129,0
1201,307,41,2,1,2,99,501,375,0
1202,108,33,1,2,1,27,164,319,0
1203,167,55,1,2,2,30,264,659,0
1204,102,18,1,0,3,50,488,153,1
1205,125,42,0,2,2,42,294,554,1
1206,26,59,1,0,3,63,477,892,0
1207,82,21,1,2,2,38,323,7,0
1208,363,34,0,2,1,116,603,199,1
1209,351,29,2,2,3,64,384,171,1
1210,339,36,0,2,1,77,751,667,0
1211,90,49,1,0,4,97,868,419,0
1212,55,46,2,1,3,69,498,69,0
1213,113,25,2,0,2,97,833,359,0
1214,312,18,0,1,4,87,562,268,1
1215,40,28,1,0,4,85,561,409,1
1216,115,26,0,2,3,73,397,738,1
1217,35,34,1,2,4,100,916,178,0
1218,96,34,0,2,2,28,142,327,0
1219,332,44,2,2,2,36,305,352,0
1220,352,18,0,0,1,25,176,884,1
1221,29,61,1,1,4,48,247,370,0
1222,181,50,0,0,4,34,183,388,0
1223,291,51,1,2,4,41,249,437,0
1224,270,27,1,2,4,42,341,774,1
1225,317,58,0,1,4,118,1000,275,1
1226,250,18,2,2,0,108,886,24,1
1227,185,33,0,0,2,47,380,923,0
1228,139,33,0,1,1,58,479,756,1
1229,79,29,0,0,3,91,579,533,1
1230,212,18,0,2,1,66,434,98,0
1231,3,57,2,1,3,88,710,149,0
1232,254,58,0,2,2,112,611,294,1
1233,302,55,1,2,4,65,490,186,0
1234,336,60,2,1,4,88,771,683,0
1235,167,44,0,0,0,48,350,645,1
1236,207,29,2,2,1,66,463,250,1
1237,28,65,2,1,4,111,1104,954,1
1238,238,59,2,0,0,46,379,835,1
1239,239,18,1,2,3,74,736,879,0
1240,155,56,2,1,4,74,718,944,1
1241,50,21,1,1,0,63,525,4,0
1242,201,63,0,1,0,55,428,931,1
1243,138,47,0,2,0,114,996,613,0
1244,300,57,1,1,1,114,962,637,0
1245,34,62,1,0,3,103,628,558,1
1246,146,45,0,0,1,51,378,595,0
1247,112,23,2,1,3,115,739,606,1
1248,334,52,0,1,2,94,564,867,1
1249,308,62,0,0,0,66,391,744,1
1250,24,40,0,2,2,117,1072,367,0
1251,211,46,2,2,1,53,377,705,1
1252,307,44,1,0,2,87,788,483,0
1253,4,22,2,2,4,49,345,781,1
1254,19,33,2,2,4,71,494,860,1
1255,243,24,1,1,3,85,688,369,1
1256,149,24,1,1,0,61,396,665,0
1257,283,40,1,0,2,92,481,795,0
1258,283,60,1,2,2,97,845,225,0
1259,331,38,1,2,1,88,498,543,0
1260,279,54,0,0,4,39,333,383,1
1261,166,40,0,2,2,48,379,169,0
1262,250,24,2,0,2,30,226,34,0
1263,71,33,0,0,0,26,257,891,0
1264,218,60,2,0,0,93,774,99,0
1265,69,22,0,0,3,29,168,693,1
1266,168,55,2,1,3,76,385,773,0
1267,137,44,0,2,0,70,575,230,0
1268,341,51,0,0,4,68,627,302,0
1269,31,62,2,0,3,58,463,316,1
1270,144,23,0,1,0,94,553,826,1
1271,59,44,0,2,3,119,663,897,0
1272,75,37,1,1,1,29,177,864,1
1273,61,41,1,1,2,26,241,154,1
1274,83,58,2,1,3,78,593,803,0
1275,167,51,1,1,2,47,457,209,1
1276,285,51,2,0,0,32,211,507,0
1277,291,48,1,0,0,104,721,25,0
1278,268,61,0,0,0,119,1035,868,1
1279,293,21,2,0,0,94,882,684,1
1280,316,37,2,1,3,57,331,868,1
1281,5,54,1,0,1,24,130,130,1
1282,74,43,2,1,1,89,864,182,0
1283,127,47,0,0,4,70,360,930,1
1284,152,33,2,0,0,90,654,881,1
1285,286,53,2,0,3,70,494,470,1
1286,266,57,0,0,2,90,484,449,1
1287,266,53,1,0,4,102,674,399,0
1288,342,27,2,0,1,32,251,731,1
1289,186,38,1,1,4,108,997,733,1
1290,329,61,0,2,3,38,281,763,1
1291,215,32,0,0,2,20,133,873,1
1292,53,60,1,2,1,31,230,225,0
1293,333,29,0,0,1,116,707,191,0
1294,49,32,2,1,2,43,425,226,0
1295,18,50,0,2,0,51,465,226,0
1296,162,33,1,1,3,119,1007,192,1
1297,128,57,1,1,3,36,244,796,1
1298,253,45,0,1,2,53,340,576,0
1299,100,36,0,1,3,39,267,718,0
1300,84,29,2,1,2,63,583,969,0
1301,117,49,1,0,4,81,606,736,0
1302,84,63,0,0,2,70,498,118,1
1303,76,34,2,2,0,119,984,55,0
1304,327,36,0,1,1,114,570,614,0
1305,113,53,2,0,4,73,543,741,0
1306,57,36,0,0,2,59,321,452,1
1307,241,19,1,1,2,63,494,716,1
1308,317,30,1,2,3,32,221,843,0
1309,154,63,2,1,1,45,279,693,1
1310,313,61,2,0,0,83,450,291,1
1311,179,34,2,0,3,108,967,145,1
1312,184,58,1,0,2,109,556,374,0
1313,219,56,2,2,4,65,489,499,0
1314,362,26,0,2,3,56,401,884,0
1315,87,54,0,2,2,66,559,175,0
1316,294,46,1,1,2,114,997,600,0
1317,108,61,2,2,3,116,730,558,1
1318,56,65,0,0,2,118,736,703,1
1319,125,24,1,2,2,95,674,869,1
1320,182,60,0,0,0,25,167,352,0
1321,285,32,0,2,2,46,333,741,1
1322,15,35,2,1,4,26,166,431,1
1323,226,40,1,0,3,111,589,906,0
1324,7,63,0,1,1,96,669,210,0
1325,97,41,2,0,4,98,979,747,1
1326,113,19,0,1,0,33,329,412,0
1327,363,58,2,2,1,43,226,230,0
1328,162,56,0,1,1,74,414,243,0
1329,203,50,1,1,2,48,410,556,1
1330,123,60,0,1,1,42,390,579,1
1331,43,61,2,0,0,77,732,152,1
1332,95,18,0,0,3,47,264,467,0
1333,225,60,0,1,1,49,313,149,0
1334,288,43,1,2,3,20,127,245,1
1335,55,51,0,2,4,77,515,537,1
1336,232,33,0,2,1,115,1133,830,1
1337,294,31,2,2,3,41,276,674,0
1338,185,18,1,2,2,72,366,78,0
1339,273,29,1,2,1,26,201,433,0
1340,172,32,0,2,3,39,308,74,0
1341,293,32,2,2,1,94,910,120,1
1342,250,34,1,1,3,88,811,583,0
1343,359,35,1,0,0,115,582,725,0
1344,263,31,1,2,1,49,485,225,0
1345,101,40,0,2,2,102,833,48,0
1346,30,32,0,0,2,37,317,520,1
1347,221,23,2,0,4,93,837,759,0
1348,256,31,0,1,3,97,882,473,0
1349,235,60,0,2,1,90,887,764,1
1350,190,65,1,2,4,62,418,349,1
1351,23,49,2,1,0,103,606,113,0
1352,299,57,2,0,4,91,892,889,1
1353,25,37,1,0,4,82,437,435,1
1354,12,34,2,0,4,71,490,250,0
1355,320,43,2,1,4,118,900,761,0
1356,74,33,0,0,3,51,351,137,0
1357,212,41,2,2,0,59,549,513,1
1358,151,40,2,2,0,39,287,926,1
1359,209,61,2,0,4,44,359,346,1
1360,59,18,1,1,1,80,406,31,1
1361,320,35,1,1,2,83,604,610,1
1362,348,52,1,2,0,68,670,864,0
1363,43,64,0,0,4,109,787,319,1
1364,18,31,2,1,0,24,132,821,1
1365,215,21,1,0,2,75,509,936,0
1366,178,45,1,0,4,79,705,281,0
1367,33,31,1,0,1,48,453,806,0
1368,110,54,1,0,1,88,870,160,1
1369,303,47,1,1,3,84,808,694,0
1370,117,47,0,1,3,110,651,105,1
1371,126,54,2,1,2,91,455,578,1
1372,135,42,1,1,3,35,228,135,1
1373,264,50,0,0,3,51,350,976,0
1374,131,28,2,0,1,51,313,469,1
1375,54,42,2,2,2,54,382,162,0
1376,263,45,2,0,2,34,229,339,1
1377,358,24,0,1,1,21,152,883,0
1378,347,40,2,2,2,42,316,441,1
1379,141,64,1,2,0,46,387,293,1
1380,132,65,1,2,2,63,375,73,1
1381,69,39,0,1,0,31,221,42,1
1382,353,26,0,1,4,105,734,950,0
1383,293,53,1,1,2,32,199,884,0
1384,9,22,2,0,2,79,507,862,1
1385,177,25,0,1,2,92,502,653,0
1386,203,54,1,2,3,81,493,834,0
1387,159,46,1,1,1,99,628,826,0
1388,173,64,1,0,2,73,710,768,1
1389,288,47,1,1,1,26,254,239,0
1390,44,65,2,0,0,58,296,548,0
1391,277,27,1,2,1,33,238,242,1
1392,359,60,1,0,3,74,484,874,0
1393,273,34,0,1,3,99,706,699,0
1394,204,65,1,0,2,77,743,801,0
1395,340,40,0,1,1,89,542,642,1
1396,2,37,2,2,3,33,261,154,0
1397,168,44,1,0,0,24,186,464,0
1398,360,32,0,2,3,102,871,873,1
1399,69,36,2,1,3,99,824,282,1
1400,345,18,2,1,2,66,638,469,0
1401,294,33,2,2,2,94,870,149,1
1402,84,57,1,0,0,60,515,250,0
1403,181,42,1,2,1,111,622,813,0
1404,29,34,2,0,1,112,670,81,0
1405,189,38,0,0,0,24,169,191,1
1406,223,50,1,2,0,51,292,227,0
1407,247,49,1,1,0,74,402,729,0
1408,307,54,2,0,2,99,922,89,1
1409,214,36,1,1,2,83,451,396,1
1410,221,65,0,0,1,73,412,246,1
1411,38,37,1,1,3,61,546,42,1
1412,107,49,2,1,3,111,623,493,1
1413,54,48,0,1,3,65,491,832,0
1414,8,48,1,1,0,119,1111,684,0
1415,238,23,0,1,1,60,374,367,1
1416,322,44,0,0,2,65,633,620,0
1417,238,41,0,1,4,50,272,894,0
1418,75,56,1,2,1,95,725,218,0
1419,144,46,2,1,2,91,804,722,0
1420,215,23,2,1,0,70,638,613,1
1421,338,39,2,1,3,83,790,947,1
1422,19,25,0,1,4,110,933,897,1
1423,180,54,2,1,2,52,405,617,1
1424,360,28,0,2,0,83,514,196,0
1425,42,52,0,1,3,71,427,968,0
1426,221,20,2,0,4,85,646,782,0
1427,62,32,2,2,4,41,244,906,1
1428,327,20,2,2,3,107,1069,225,0
1429,303,39,2,1,1,98,680,613,0
1430,228,57,2,0,1,93,601,718,1
1431,342,46,1,2,1,98,492,615,1
1432,89,54,1,0,0,87,804,219,1
1433,180,41,0,0,2,73,526,517,1
1434,151,51,2,2,3,84,536,366,0
1435,302,45,2,1,4,83,420,718,1
1436,19,29,2,1,4,81,529,399,1
1437,352,20,0,0,1,71,538,135,1
1438,305,58,0,0,4,25,182,319,1
1439,80,19,0,2,4,86,654,283,0
1440,150,60,2,1,1,110,632,156,1
1441,265,62,2,2,1,94,661,977,0
1442,74,41,0,1,0,38,350,289,1
1443,28,56,1,1,2,33,211,700,0
1444,342,23,0,1,1,118,1127,463,0
1445,202,46,0,2,0,54,515,741,1
1446,278,60,1,0,2,76,412,622,1
1447,232,59,0,1,2,47,258,229,0
1448,355,20,2,1,0,31,164,411,0
1449,191,22,2,1,1,109,705,770,0
1450,217,34,2,0,0,30,192,502,0
1451,356,39,2,1,3,33,296,528,1
1452,217,58,2,1,3,23,219,567,0
1453,85,61,2,1,0,58,438,490,0
1454,229,28,2,0,4,118,600,415,0
1455,334,36,0,0,3,38,200,975,1
1456,293,44,0,1,0,68,547,530,1
1457,177,36,1,0,1,29,179,615,1
1458,217,32,1,1,1,61,430,529,0
1459,149,47,0,0,3,65,617,975,1
1460,345,64,1,1,0,114,1135,314,0
1461,259,18,2,0,1,26,242,474,1
1462,24,52,1,2,4,117,1093,980,0
1463,111,38,2,0,1,97,569,863,1
1464,231,49,1,2,0,39,281,528,1
1465,118,30,1,0,4,111,1091,568,0
1466,177,52,1,2,3,59,312,898,0
1467,46,22,2,2,1,74,731,367,1
1468,219,36,0,2,2,110,895,78,0
1469,284,45,0,2,0,106,547,835,1
1470,218,33,2,1,3,102,663,43,0
1471,193,41,1,1,4,113,709,447,1
1472,260,57,2,1,0,54,391,430,1
1473,314,49,0,0,0,113,791,976,0
1474,77,61,2,0,4,89,554,116,0
1475,161,65,1,2,2,109,1069,399,1
1476,321,60,1,1,3,74,557,946,0
1477,354,35,1,0,4,53,336,764,1
1478,191,49,2,2,3,100,986,467,0
1479,175,42,0,0,1,45,418,922,0
1480,319,42,2,0,3,111,563,740,1
1481,77,44,2,2,0,98,928,92,1
1482,119,27,1,2,3,118,675,557,0
1483,310,62,2,0,4,103,542,51,1
1484,35,51,0,1,3,44,241,300,0
1485,159,39,2,0,0,74,487,166,0
1486,15,58,1,0,3,66,545,105,1
1487,289,23,1,1,0,85,564,477,1
1488,247,53,0,2,0,64,433,775,0
1489,215,47,0,0,4,59,436,194,1
1490,149,30,1,2,0,58,506,478,0
1491,214,46,1,2,2,116,959,611,0
1492,77,53,1,2,2,20,120,318,0
1493,315,53,0,1,2,98,859,813,0
1494,133,58,1,1,1,96,576,978,1
1495,74,22,1,1,2,37,219,103,1
1496,57,52,1,0,3,56,520,19,0
1497,264,65,2,1,3,64,382,561,1
1498,11,37,2,0,2,71,506,6,1
1499,184,42,1,0,0,59,434,867,1
1500,281,18,0,0,4,27,248,294,1
1501,15,64,2,2,1,31,187,657,0
1502,275,25,1,0,2,32,185,258,1
1503,142,30,1,1,0,53,523,809,1
1504,75,28,2,0,0,87,839,90,1
1505,38,58,0,0,3,43,339,339,1
1506,172,63,2,1,1,120,865,132,1
1507,31,37,2,1,0,98,761,457,0
1508,223,28,2,2,4,45,241,116,1
1509,271,52,2,0,4,101,929,877,1
1510,114,52,2,0,1,67,528,431,0
1511,47,39,2,2,0,30,285,121,1
1512,217,63,2,2,0,95,628,290,1
1513,343,37,2,2,3,39,270,755,1
1514,216,49,2,2,2,53,406,359,1
1515,118,29,0,0,1,93,521,115,1
1516,198,61,1,1,0,81,460,367,0
1517,9,26,1,0,1,26,173,326,1
1518,92,44,0,2,1,71,620,905,0
1519,253,62,2,2,2,109,576,683,1
1520,52,31,0,0,0,53,437,76,0
1521,149,50,2,0,4,50,270,157,1
1522,364,63,1,0,1,89,878,146,0
1523,143,42,0,1,1,90,892,37,0
1524,167,55,1,1,0,36,234,916,1
1525,215,49,2,0,3,58,467,203,1
1526,338,24,0,1,3,87,676,818,1
1527,78,42,0,0,3,47,302,259,1
1528,333,63,0,0,0,30,285,165,0
1529,339,51,2,1,0,79,568,951,0
1530,310,42,2,1,3,23,164,936,0
1531,41,24,2,0,2,24,187,945,1
1532,50,55,2,0,3,26,249,764,1
1533,109,59,2,1,1,34,291,868,1
1534,357,20,2,2,2,52,428,463,0
1535,37,38,1,2,2,77,769,830,0
1536,217,62,1,1,1,36,189,774,0
1537,203,22,2,1,1,70,535,539,1
1538,122,60,2,2,1,69,644,386,0
1539,120,21,2,2,3,81,550,500,0
1540,328,47,2,2,0,27,211,508,1
1541,18,44,0,2,3,65,550,379,0
1542,98,65,1,1,2,38,273,735,1
1543,307,20,0,1,3,42,379,63,0
1544,337,37,2,1,2,68,599,673,0
1545,336,19,0,1,0,38,311,195,0
1546,111,49,2,2,0,108,695,912,1
1547,93,21,2,0,3,67,398,344,1
1548,78,37,1,0,4,87,615,235,1
1549,263,41,2,0,4,120,931,888,0
1550,144,55,1,1,4,81,424,542,1
1551,172,27,2,0,0,23,193,363,1
1552,253,59,1,2,0,107,625,16,0
1553,249,45,0,0,0,118,1070,608,0
1554,203,20,2,2,4,84,805,775,1
1555,179,48,0,2,0,95,636,242,0
1556,63,20,0,0,1,33,252,143,1
1557,258,19,2,0,2,57,568,186,1
1558,271,56,1,0,3,58,358,421,0
1559,25,50,1,2,3,70,611,976,0
1560,4,50,1,2,3,31,210,563,1
1561,25,30,2,1,2,89,707,976,1
1562,200,57,1,2,3,60,337,670,0
1563,187,41,1,2,1,62,602,109,0
1564,124,48,0,0,4,28,245,194,1
1565,303,59,2,1,0,62,446,81,1
1566,194,56,1,0,3,102,788,143,1
1567,257,18,0,1,2,55,479,154,1
1568,242,25,2,2,3,88,467,932,1
1569,77,64,2,1,3,30,176,885,0
1570,44,65,2,0,0,49,305,437,0
1571,41,62,1,1,3,43,276,918,1
1572,12,20,2,0,1,75,678,927,1
1573,183,19,2,1,0,54,402,286,1
1574,275,57,2,0,2,119,806,351,0
1575,249,42,2,1,1,53,414,551,0
1576,257,43,1,2,0,81,581,848,0
1577,253,37,0,1,3,101,565,675,0
1578,3,39,0,1,1,101,730,20,1
1579,254,18,1,1,1,83,567,831,1
1580,41,65,0,2,0,91,896,234,0
1581,184,40,0,1,4,40,307,223,1
1582,302,61,0,1,1,28,140,146,0
1583,337,45,1,2,2,70,538,855,1
1584,110,21,2,0,3,27,225,346,0
1585,186,61,0,0,1,61,349,746,1
1586,251,35,0,2,0,59,422,872,1
1587,70,37,0,0,2,44,404,724,1
1588,356,37,1,2,2,66,586,539,1
1589,174,37,1,2,0,96,791,68,1
1590,166,47,1,2,2,97,934,415,0
1591,359,24,1,0,1,104,548,306,0
1592,144,33,2,0,2,38,284,888,0
1593,88,32,1,0,0,86,738,272,0
1594,54,33,2,2,2,82,557,735,0
1595,135,23,0,0,0,109,660,565,0
1596,255,47,2,1,3,99,512,605,1
1597,354,23,0,2,0,37,245,61,0
1598,256,65,2,0,2,115,771,594,1
1599,233,37,2,1,3,59,387,64,0
1600,113,44,2,0,1,38,362,946,0
1601,350,45,0,1,4,51,503,24,0
1602,126,60,0,2,0,23,209,753,0
1603,24,43,1,1,3,107,667,283,1
1604,184,55,0,0,1,24,233,724,0
1605,13,34,2,2,1,69,506,876,0
1606,15,28,2,0,3,58,350,53,0
1607,264,19,0,0,4,23,164,79,1
1608,330,20,1,1,4,56,326,279,0
1609,23,33,2,0,4,97,920,335,0
1610,337,33,0,2,1,108,887,537,0
1611,238,57,0,1,4,92,742,198,1
1612,167,64,1,2,3,99,702,617,1
1613,163,52,2,2,1,57,490,722,1
1614,251,32,1,0,4,26,191,929,0
1615,80,37,2,2,1,45,287,938,0
1616,55,59,1,1,1,58,366,136,0
1617,238,18,1,2,3,100,559,336,1
1618,57,40,2,1,4,35,242,834,0
1619,258,29,0,2,1,20,165,34,0
1620,121,58,1,1,0,115,685,567,1
1621,116,21,2,0,4,82,440,882,1
1622,53,29,0,0,3,45,261,569,0
1623,31,53,0,2,1,110,570,483,0
1624,270,35,2,0,2,87,504,700,0
1625,144,36,0,0,1,117,1039,163,0
1626,242,32,2,2,0,68,451,296,0
1627,193,21,0,2,1,120,921,962,1
1628,91,29,0,0,0,94,604,126,0
1629,298,36,0,2,1,32,222,440,0
1630,167,37,0,1,0,62,582,214,1
1631,160,21,0,1,2,105,614,894,1
1632,211,21,2,2,4,111,589,383,0
1633,158,38,0,2,3,107,802,409,0
1634,68,33,1,1,1,64,435,763,1
1635,365,56,0,0,0,47,382,518,1
1636,81,47,1,1,1,74,444,15,0
1637,54,64,2,2,3,68,633,920,0
1638,78,30,1,1,3,91,517,651,1
1639,252,47,1,2,2,94,519,139,0
1640,236,57,0,1,4,33,256,574,0
1641,314,61,2,0,3,86,711,448,1
1642,35,53,0,1,3,102,772,618,1
1643,312,35,2,2,2,111,922,401,0
1644,100,29,0,0,1,74,686,539,1
1645,104,60,0,1,0,35,348,720,0
1646,324,53,1,1,0,90,733,502,1
1647,54,62,2,1,2,55,317,57,0
1648,327,41,1,1,1,110,804,21,0
1649,345,27,0,0,1,86,647,32,0
1650,327,38,0,2,1,109,577,226,1
1651,270,27,0,0,1,31,277,692,0
1652,266,58,1,2,2,120,612,858,1
1653,27,27,1,2,2,84,460,24,0
1654,58,38,2,0,0,32,265,288,0
1655,187,63,0,0,4,48,293,564,1
1656,287,61,1,1,1,102,634,974,0
1657,294,48,2,1,0,45,250,273,0
1658,336,52,0,0,0,73,635,526,0
1659,29,18,0,1,4,82,707,830,1
1660,166,37,0,1,4,41,223,387,0
1661,263,26,2,1,4,111,802,365,1
1662,289,29,2,0,3,101,617,69,1
1663,51,62,2,0,3,106,712,94,0
1664,120,60,0,1,0,46,260,533,1
1665,99,60,1,0,1,84,626,648,0
1666,221,48,0,0,3,103,693,589,0
1667,28,39,1,0,4,48,402,635,0
1668,302,40,1,0,0,68,652,288,1
1669,76,30,0,2,3,96,838,883,0
1670,326,32,1,0,2,72,593,482,1
1671,60,64,1,2,3,91,616,866,1
1672,249,35,2,2,1,63,487,745,1
1673,60,24,1,2,3,80,558,5,1
1674,10,24,0,2,0,30,165,365,1
1675,31,38,2,2,1,23,173,267,1
1676,239,26,1,2,0,91,474,426,0
1677,320,55,1,1,3,105,537,810,1
1678,345,35,1,2,0,46,338,400,1
1679,326,22,0,2,3,34,245,729,0
1680,27,56,2,1,3,25,180,884,1
1681,145,52,2,1,4,48,373,796,1
1682,121,51,1,1,3,81,465,334,0
1683,178,47,0,1,0,64,355,772,0
1684,136,20,1,0,1,55,354,329,0
1685,345,36,0,1,1,21,181,602,1
1686,25,20,0,0,1,80,788,948,1
1687,199,24,0,2,1,92,614,868,0
1688,218,40,2,2,0,106,694,780,0
1689,211,63,2,2,4,64,392,873,1
1690,180,45,1,0,4,74,411,238,0
1691,219,53,2,1,4,67,643,965,1
1692,29,32,1,0,0,20,142,263,1
1693,131,61,1,0,4,79,636,687,1
1694,140,58,1,0,0,79,602,540,0
1695,128,59,0,2,3,111,834,912,1
1696,69,52,2,2,2,43,243,277,0
1697,316,24,0,0,0,69,520,379,1
1698,328,31,0,2,3,88,574,30,0
1699,174,29,1,2,3,89,476,437,0
1700,316,53,2,0,4,58,466,337,1
1701,4,33,1,0,3,71,686,630,1
1702,279,23,1,2,3,110,1057,892,0
1703,142,53,1,1,2,79,400,752,1
1704,282,33,1,2,2,72,475,850,1
1705,35,21,1,1,1,87,820,489,0
1706,334,38,0,1,1,64,339,61,1
1707,351,49,1,0,1,46,367,924,1
1708,132,43,1,2,0,33,192,530,0
1709,249,25,1,1,4,62,376,537,0
1710,10,56,0,2,2,76,526,906,1
1711,198,55,1,0,4,84,700,303,0
1712,260,40,0,2,1,33,303,981,0
1713,231,46,2,0,1,105,834,924,0
1714,266,22,2,0,2,65,633,292,0
1715,233,60,2,1,2,87,484,278,0
1716,358,49,0,1,3,47,255,94,1
1717,205,37,1,1,2,28,239,643,0
1718,155,43,0,1,2,82,507,288,0
1719,242,47,2,0,1,108,762,947,1
1720,10,45,0,1,0,91,871,351,1
1721,78,43,2,0,1,116,1016,626,0
1722,159,63,0,0,1,80,787,749,0
1723,301,46,2,1,3,84,501,497,1
1724,288,60,2,1,3,62,412,929,0
1725,359,21,2,2,2,43,315,768,0
1726,320,47,0,0,1,57,288,4,1
1727,72,41,2,1,2,49,331,909,0
1728,273,18,0,1,2,66,396,409,1
1729,226,25,2,0,4,82,769,194,0
1730,314,54,2,0,4,116,1021,2,1
1731,98,26,2,1,0,82,512,882,1
1732,31,54,1,0,3,100,995,227,0
1733,294,44,0,1,1,84,592,328,1
1734,345,57,0,2,0,53,303,367,1
1735,242,40,2,2,0,86,701,523,0
1736,58,58,2,1,1,71,598,506,0
1737,245,30,1,2,1,70,532,650,0
1738,349,50,0,2,3,23,172,293,1
1739,257,46,0,0,3,94,790,688,1
1740,211,54,0,1,3,90,589,946,0
1741,12,21,0,2,4,27,142,343,0
1742,141,58,2,0,3,50,484,873,0
1743,277,42,1,1,2,26,154,27,1
1744,60,23,1,2,4,110,1077,48,0
1745,260,48,2,1,1,86,789,646,0
1746,24,38,0,0,1,114,914,923,0
1747,180,28,2,1,0,62,474,650,0
1748,229,64,0,2,1,85,476,0,0
1749,22,19,0,0,2,73,433,677,0
1750,34,19,1,1,0,77,708,558,0
1751,268,20,2,2,1,115,1115,341,0
1752,309,57,2,2,0,98,826,803,0
1753,303,32,0,0,1,101,668,608,1
1754,138,39,1,0,2,102,977,511,1
1755,291,60,0,1,2,49,340,0,1
1756,100,51,2,1,0,31,302,715,1
1757,199,21,1,2,4,110,579,314,1
1758,58,18,0,0,3,66,341,933,0
1759,82,65,2,2,0,51,295,609,0
1760,142,39,1,2,2,56,450,976,1
1761,296,37,0,1,1,118,695,497,1
1762,261,34,0,1,3,100,735,545,0
1763,241,59,2,2,3,20,107,748,0
1764,19,32,2,0,4,51,332,510,1
1765,343,41,2,2,4,96,635,664,0
1766,128,21,0,1,3,64,465,133,1
1767,59,18,1,1,2,110,718,449,0
1768,192,47,0,0,1,118,1152,259,0
1769,188,58,2,2,2,26,239,502,0
1770,66,22,1,2,3,82,413,335,1
1771,312,63,1,1,2,32,189,171,0
1772,14,36,0,0,0,33,325,127,1
1773,327,51,0,2,2,63,537,881,0
1774,1,20,2,1,3,46,424,432,0
1775,364,33,2,0,3,21,160,740,1
1776,329,28,0,2,4,75,484,557,1
1777,112,53,0,2,2,82,412,193,0
1778,193,43,1,2,0,104,673,701,0
1779,305,52,2,1,3,38,273,46,0
1780,39,49,0,1,2,63,590,247,1
1781,92,62,2,2,0,55,467,290,1
1782,274,34,0,1,0,48,478,625,1
1783,81,19,2,1,1,22,145,910,0
1784,217,18,2,1,0,72,365,325,0
1785,258,63,2,1,0,95,840,949,0
1786,122,62,0,0,1,81,520,354,0
1787,246,64,0,1,3,80,420,522,1
1788,338,39,0,0,2,31,178,377,1
1789,67,55,2,0,1,24,221,775,1
1790,183,42,1,1,4,31,160,665,0
1791,131,43,0,0,3,45,375,216,1
1792,54,59,0,2,3,103,966,813,1
1793,113,51,2,1,4,44,326,451,1
1794,224,62,0,0,2,90,590,953,0
1795,214,63,1,0,4,72,638,85,0
1796,245,50,1,1,1,90,601,338,1
1797,12,48,0,2,2,86,518,317,1
1798,296,58,1,2,1,71,692,935,1
1799,57,35,1,1,2,36,285,122,0
1800,108,35,0,0,2,109,849,689,1
1801,229,30,1,2,3,77,589,506,1
1802,150,54,1,0,1,110,748,223,1
1803,362,55,0,2,2,36,294,469,1
1804,23,27,1,0,0,44,262,821,0
1805,315,24,1,0,0,93,709,846,1
1806,281,50,1,1,3,99,904,210,0
1807,41,46,0,2,1,82,655,468,0
1808,173,37,0,1,3,56,396,639,1
1809,319,39,0,0,1,99,980,390,0
1810,55,63,2,0,0,26,224,598,1
1811,70,20,2,2,3,84,831,957,0
1812,352,42,0,2,1,61,354,634,0
1813,68,55,1,1,1,100,664,28,1
1814,64,25,1,0,2,80,673,724,0
1815,123,46,1,0,0,26,220,930,0
1816,202,38,2,1,1,86,705,898,0
1817,326,59,1,2,0,115,836,142,1
1818,363,60,0,2,2,32,276,638,0
1819,142,50,1,2,2,37,330,80,0
1820,361,19,2,2,0,43,308,823,0
1821,90,21,1,0,0,87,497,874,1
1822,164,35,0,0,3,80,789,68,1
1823,232,25,1,2,4,56,385,548,1
1824,330,43,1,2,1,53,379,353,1
1825,200,32,2,1,3,70,552,762,1
1826,7,18,2,1,2,42,291,451,1
1827,284,34,1,0,3,39,359,774,0
1828,146,63,0,1,4,118,661,720,0
1829,343,59,0,2,3,25,144,879,0
1830,2,55,1,1,4,37,280,395,1
1831,270,60,0,1,2,44,386,885,1
1832,15,58,0,2,4,81,772,162,1
1833,353,35,2,2,3,91,689,487,0
1834,143,43,0,2,0,83,446,54,0
1835,218,24,2,1,2,103,709,910,0
1836,126,65,2,1,1,31,181,155,1
1837,100,40,0,0,1,77,475,460,0
1838,233,25,2,1,2,49,348,594,1
1839,118,33,0,0,2,41,303,138,1
1840,37,31,2,1,3,61,559,120,0
1841,50,25,0,1,4,46,400,205,0
1842,123,23,1,2,0,81,809,356,0
1843,199,62,0,1,0,24,131,861,0
1844,137,57,0,0,4,99,784,702,1
1845,134,62,2,2,1,41,212,333,0
1846,17,22,1,2,3,43,367,334,0
1847,31,21,0,0,2,102,742,330,0
1848,219,46,2,2,1,83,648,515,0
1849,115,48,2,1,2,33,276,637,0
1850,290,19,2,0,4,55,456,245,1
1851,33,51,1,2,3,51,478,47,0
1852,259,52,1,0,3,96,490,9,0
1853,240,47,2,1,2,101,535,765,1
1854,152,48,0,1,1,90,737,744,0
1855,167,28,0,1,4,79,471,768,0
1856,326,19,1,0,1,106,691,7,1
1857,304,27,0,0,0,57,354,446,1
1858,212,22,0,1,1,24,231,520,1
1859,270,30,2,1,1,91,599,532,0
1860,98,59,1,0,3,71,431,940,0
1861,269,29,1,1,3,110,551,458,1
1862,99,30,0,2,2,72,612,508,0
1863,23,46,2,0,4,53,323,612,1
1864,330,31,1,2,0,111,612,393,1
1865,322,42,2,2,1,91,720,441,1
1866,197,27,2,2,0,104,808,730,0
1867,24,60,0,1,0,42,281,920,1
1868,103,26,1,0,2,68,410,508,0
1869,207,52,2,2,2,45,405,257,0
1870,174,41,2,0,1,86,688,348,0
1871,335,18,2,2,1,76,484,152,1
1872,159,25,0,2,2,93,705,2,1
1873,47,56,1,2,1,29,162,710,1
1874,345,43,0,1,1,66,628,531,1
1875,271,29,1,1,0,60,513,174,0
1876,48,18,1,0,4,64,607,135,0
1877,79,40,0,1,3,105,861,840,1
1878,27,30,1,0,4,102,726,417,1
1879,140,56,2,2,4,38,320,811,1
1880,94,62,2,0,1,97,594,597,0
1881,260,18,2,1,3,111,938,894,0
1882,347,61,2,0,1,30,209,335,0
1883,161,28,2,0,4,40,226,7,0
1884,209,52,2,1,4,91,497,657,0
1885,331,43,1,0,1,118,743,694,0
1886,299,46,0,0,0,32,275,908,0
1887,267,20,1,0,0,58,546,832,0
1888,32,25,0,1,2,22,114,698,0
1889,249,57,2,2,1,57,529,412,1
1890,118,53,1,0,2,54,275,828,0
1891,20,32,0,1,3,26,189,822,1
1892,249,57,2,2,1,96,652,478,0
1893,200,42,0,0,3,115,719,939,0
1894,86,24,1,0,4,48,478,934,0
1895,218,54,0,1,3,32,230,631,1
1896,78,48,0,1,3,74,589,488,1
1897,64,59,1,0,2,52,322,726,1
1898,223,24,0,1,0,46,365,301,0
1899,115,27,0,0,3,64,367,904,0
1900,43,45,1,1,3,71,657,376,1
1901,285,26,0,2,1,97,823,257,0
1902,157,53,0,0,4,105,800,682,0
1903,12,25,2,0,0,90,486,572,1
1904,222,59,1,0,3,102,543,869,0
1905,360,46,2,0,2,35,297,146,1
1906,182,40,0,2,2,57,568,658,0
1907,178,21,0,0,0,87,665,110,1
1908,118,33,0,1,4,91,525,358,0
1909,243,20,1,1,1,97,729,513,1
1910,306,21,1,1,1,23,208,450,0
1911,352,27,1,0,2,107,663,601,0
1912,255,24,1,2,0,29,145,552,1
1913,350,47,0,2,4,98,813,833,1
1914,235,32,0,2,4,70,533,347,0
1915,205,65,1,1,0,111,621,184,1
1916,333,56,2,0,4,73,489,588,0
1917,31,41,2,2,3,57,450,856,1
1918,72,61,1,1,1,82,455,490,0
1919,291,44,1,0,2,110,794,60,1
1920,113,32,1,0,2,109,674,940,0
1921,51,27,1,1,3,65,450,255,1
1922,21,39,1,2,3,119,906,729,0
1923,333,42,1,1,1,101,660,505,0
1924,275,63,0,0,4,54,337,756,1
1925,252,48,1,0,0,73,449,942,1
1926,345,46,0,0,3,31,234,37,0
1927,211,33,1,1,2,111,834,978,0
1928,28,60,2,1,3,120,772,585,0
1929,316,43,2,2,0,112,745,306,0
1930,234,54,2,2,4,22,196,951,1
1931,106,53,1,1,3,47,468,923,1
1932,321,44,2,0,4,27,243,598,0
1933,194,60,2,1,3,118,1115,91,0
1934,268,56,2,1,2,75,453,401,0
1935,173,49,2,2,4,104,803,320,0
1936,73,23,0,0,4,24,157,466,0
1937,141,26,1,2,0,24,220,571,1
1938,163,60,1,0,2,94,800,880,1
1939,130,32,2,0,0,111,1007,321,1
1940,100,18,2,1,3,68,637,565,0
1941,135,57,0,2,0,92,506,289,0
1942,38,39,0,1,2,50,395,534,0
1943,14,51,1,2,1,36,340,89,0
1944,164,48,0,2,2,71,633,234,0
1945,333,31,2,2,0,100,570,259,1
1946,160,64,1,0,0,58,505,506,1
1947,209,30,1,2,0,67,606,326,0
1948,97,36,2,1,4,79,422,951,1
1949,259,39,0,2,1,32,288,132,0
1950,64,27,0,2,2,99,956,373,0
1951,303,25,2,2,3,106,925,728,0
1952,100,57,2,0,3,94,926,829,1
1953,100,32,1,2,1,100,531,91,1
1954,269,63,2,1,3,92,766,623,0
1955,188,38,0,2,3,35,229,274,0
1956,62,43,0,0,1,54,296,893,0
1957,178,55,1,1,3,97,864,521,0
1958,355,56,2,2,4,92,572,347,0
1959,362,19,2,0,4,97,604,773,1
1960,145,25,1,1,0,41,343,328,0
1961,275,57,0,1,0,63,522,63,1
1962,62,53,0,0,3,107,1005,775,0
1963,194,38,1,0,0,99,818,172,1
1964,87,54,2,0,3,109,858,573,0
1965,33,63,0,0,4,94,802,37,1
1966,259,42,1,2,3,90,893,543,0
1967,10,47,0,2,2,88,855,45,1
1968,194,30,2,0,4,68,663,357,1
1969,42,24,1,0,3,75,732,159,0
1970,76,33,1,1,4,107,1033,302,1
1971,284,27,0,0,3,36,354,3,0
1972,173,39,2,0,4,68,623,222,0
1973,229,45,2,2,0,35,186,197,0
1974,231,61,1,0,4,69,508,519,0
1975,108,60,0,1,1,85,829,847,1
1976,344,24,2,2,2,119,912,656,0
1977,234,60,1,0,0,57,310,471,0
1978,279,39,2,0,4,107,1038,79,1
1979,117,43,1,0,4,120,766,530,1
1980,284,27,2,2,1,104,683,805,1
1981,272,62,2,2,3,31,202,67,0
1982,106,22,1,0,4,60,525,95,1
1983,191,62,2,2,2,100,581,424,0
1984,242,33,0,0,3,45,233,427,0
1985,14,36,0,2,2,78,446,809,1
1986,32,56,2,0,3,92,592,58,1
1987,71,56,1,2,3,62,530,207,0
1988,257,18,2,1,4,65,495,591,1
1989,226,53,1,2,4,84,445,875,1
1990,160,52,2,1,3,79,456,186,1
1991,215,29,1,1,1,48,301,161,1
1992,306,59,0,2,2,106,909,614,1
1993,297,44,0,2,0,109,850,825,1
1994,158,18,1,0,0,22,209,46,1
1995,61,40,0,2,2,89,740,256,0
1996,172,24,0,0,4,94,791,11,0
1997,287,45,0,1,0,36,215,481,0
1998,304,42,0,0,1,83,765,797,0
1999,20,31,1,1,4,86,571,956,0
2000,205,47,2,1,0,104,718,801,0
2001,99,28,2,1,0,34,249,917,0
2002,162,28,0,0,1,115,1060,160,1
2003,51,58,0,2,1,120,1153,242,1
2004,152,50,1,2,1,50,411,346,0
2005,70,48,0,0,1,69,400,817,0
2006,246,28,2,2,1,90,853,70,1
2007,129,28,1,2,2,40,316,954,0
2008,118,43,1,0,4,37,233,214,0
2009,44,41,0,0,3,97,525,712,0
2010,357,37,0,0,4,33,243,719,1
2011,141,56,1,2,0,64,362,740,1
2012,170,44,1,0,4,69,394,679,1
2013,196,39,1,1,0,39,210,217,0
2014,329,56,0,2,1,33,240,442,0
2015,345,43,1,2,2,73,392,822,1
2016,298,34,1,0,1,42,384,493,1
2017,47,64,1,2,2,50,334,814,0
2018,239,24,2,1,4,40,212,174,0
2019,300,21,1,0,4,116,937,14,0
2020,141,60,1,1,1,105,569,467,0
2021,315,64,0,0,2,119,815,241,0
2022,128,20,1,1,0,91,889,738,0
2023,87,38,2,1,1,33,322,50,0
2024,347,44,1,0,3,93,691,889,0
2025,337,27,2,2,4,64,351,484,1
2026,281,32,2,2,0,66,546,325,0
2027,200,42,0,1,1,66,640,761,1
2028,148,29,2,0,0,117,861,630,0
2029,316,48,2,1,4,87,552,87,1
2030,45,54,0,2,0,39,207,844,0
2031,337,44,1,2,1,40,380,350,1
2032,312,40,0,1,1,69,454,654,1
2033,259,44,1,1,3,79,772,752,1
2034,319,29,2,1,2,37,190,119,0
2035,277,57,2,2,4,56,315,372,1
2036,58,43,2,1,3,64,571,59,0
2037,193,30,2,1,2,51,450,850,1
2038,345,27,1,0,2,86,440,385,0
2039,117,34,1,0,1,52,510,743,1
2040,188,46,2,0,0,98,929,572,0
2041,107,59,2,1,1,51,288,556,0
2042,303,20,1,1,0,37,263,846,0
2043,191,35,0,1,2,74,676,11,1
2044,82,24,1,2,2,57,365,694,0
2045,120,32,0,0,4,57,518,871,1
2046,344,31,1,1,3,85,800,962,0
2047,87,25,0,0,4,54,531,805,0
2048,352,22,1,0,2,65,571,387,1
2049,8,24,0,1,0,107,544,578,1
2050,335,39,2,0,0,51,379,781,1
2051,280,59,0,2,3,36,239,629,1
2052,101,24,2,1,0,22,120,135,0
2053,327,50,0,1,0,51,322,857,1
2054,210,63,0,0,1,91,681,779,0
2055,284,31,1,1,2,104,573,529,0
2056,238,25,2,1,4,76,759,720,0
2057,42,61,2,0,3,69,450,920,0
2058,313,41,0,1,3,25,172,22,1
2059,188,27,0,1,4,118,622,667,0
2060,39,19,2,1,3,52,392,125,0
2061,200,44,1,1,4,43,389,945,1
2062,170,21,2,2,1,87,761,855,0
2063,353,65,1,1,0,101,733,881,1
2064,13,59,2,0,4,49,296,336,0
2065,244,55,2,2,0,91,852,81,1
2066,270,63,0,1,0,70,476,166,1
2067,153,64,0,1,4,35,177,677,0
2068,40,38,2,2,1,117,1140,862,0
2069,163,35,0,0,4,21,207,742,0
2070,177,31,0,0,0,43,409,497,0
2071,234,19,0,2,2,61,599,205,1
2072,344,49,0,0,2,106,940,398,0
2073,290,42,2,2,2,97,612,676,0
2074,105,33,1,1,4,58,415,25,1
2075,300,57,2,1,1,49,467,79,0
2076,283,40,1,2,0,100,918,725,1
2077,93,27,0,2,1,25,191,196,1
2078,174,60,2,0,4,69,345,345,0
2079,83,64,1,1,0,21,157,347,1
2080,330,52,0,1,4,59,324,612,0
2081,267,57,0,0,2,34,333,240,1
2082,32,65,1,0,3,116,951,777,1
2083,100,23,0,0,4,106,1007,403,1
2084,313,47,0,2,1,78,615,861,1
2085,3,52,1,2,3,90,866,250,0
2086,326,40,0,1,0,65,644,930,0
2087,103,26,0,1,2,27,193,775,1
2088,256,34,2,1,2,34,281,336,0
2089,321,59,2,1,2,98,539,577,1
2090,129,61,1,1,4,100,796,746,0
2091,215,48,0,1,4,90,694,776,0
2092,37,46,0,2,1,34,264,65,1
2093,257,42,0,1,1,66,448,323,0
2094,181,39,2,0,2,33,311,746,1
2095,109,46,2,2,0,96,753,331,0
2096,297,55,2,0,3,116,825,299,0
2097,117,27,2,1,4,30,235,816,0
2098,165,31,0,2,3,56,280,434,0
2099,287,43,0,0,0,34,253,258,0
2100,280,18,2,0,4,96,771,729,0
2101,244,58,0,0,2,47,243,920,0
2102,14,65,0,2,0,94,572,799,0
2103,238,37,2,0,2,120,685,187,0
2104,40,19,1,2,3,59,562,446,1
2105,122,38,2,0,1,66,508,265,0
2106,213,35,2,1,2,45,347,173,1
2107,149,41,0,0,2,104,616,772,0
2108,167,56,1,0,3,100,795,701,1
2109,283,46,1,2,4,82,527,176,0
2110,182,29,2,1,0,82,642,905,0
2111,298,57,1,2,4,91,754,373,1
2112,246,54,2,0,3,54,300,411,1
2113,134,41,2,1,3,115,1001,975,0
2114,63,30,2,0,3,95,585,76,0
2115,355,24,2,2,0,92,768,932,1
2116,269,38,0,2,4,48,285,169,1
2117,293,62,0,2,3,89,676,560,0
2118,28,47,2,2,3,107,698,532,1
2119,199,32,2,1,3,41,249,412,1
2120,247,60,0,0,3,40,291,924,0
2121,216,54,2,1,4,74,586,313,0
2122,164,30,1,1,0,87,572,713,1
2123,283,19,2,2,3,69,444,963,1
2124,270,34,1,2,0,28,142,696,0
2125,209,49,2,2,1,52,410,135,0
2126,96,41,1,0,2,51,419,801,0
2127,19,56,1,1,2,70,424,395,1
2128,283,61,1,0,2,116,1025,178,0
2129,152,50,0,1,3,39,339,469,0
2130,31,20,1,2,3,44,362,782,0
2131,142,47,1,0,0,97,738,149,0
2132,222,58,2,0,2,20,199,196,0
2133,142,62,2,0,4,94,531,459,1
2134,108,34,1,0,3,72,624,157,1
2135,315,33,0,1,3,53,301,261,1
2136,259,61,0,2,2,62,391,343,0
2137,236,46,0,0,2,34,237,513,1
2138,241,51,1,1,3,68,645,354,0
2139,125,54,0,1,2,115,710,888,1
2140,46,63,2,0,2,32,303,290,1
2141,328,22,1,2,2,23,194,754,1
2142,203,62,0,1,3,117,1066,481,1
2143,68,53,1,2,0,80,610,298,1
2144,315,29,0,2,1,111,1073,662,1
2145,251,27,1,0,0,75,590,176,0
2146,292,29,2,0,2,108,611,916,1
2147,192,33,2,0,0,61,586,447,0
2148,133,30,2,2,0,100,798,378,1
2149,163,23,1,0,3,28,169,75,0
2150,323,54,0,0,3,90,603,710,1
2151,310,48,1,0,0,39,374,832,0
2152,347,56,2,0,1,21,124,612,0
2153,293,39,1,2,1,40,351,208,1
2154,343,44,1,2,0,26,193,711,1
2155,112,54,0,2,1,81,543,955,1
2156,289,64,0,0,0,34,179,639,0
2157,8,53,0,1,0,108,1017,695,1
2158,172,48,2,0,4,76,433,65,1
2159,89,23,0,1,4,21,122,176,0
2160,352,65,2,2,2,57,310,213,1
2161,92,21,2,0,1,26,142,705,0
2162,326,33,2,0,4,67,582,769,0
2163,11,63,2,1,0,21,163,890,0
2164,160,41,2,2,1,49,376,714,1
2165,57,23,1,2,0,97,805,690,0
2166,340,36,0,1,4,50,258,295,1
2167,168,29,1,2,0,71,495,240,0
2168,16,40,1,1,2,20,109,710,0
2169,335,34,0,0,1,112,895,265,0
2170,231,50,0,0,0,112,565,498,1
2171,177,33,2,2,4,73,502,520,0
2172,260,55,2,2,1,53,454,442,1
2173,220,40,0,1,0,116,996,602,1
2174,25,19,1,0,4,55,490,588,0
2175,210,19,1,1,3,77,512,40,0
2176,350,25,0,2,0,33,171,883,1
2177,328,34,0,1,1,97,762,609,1
2178,298,59,0,1,3,51,299,354,1
2179,223,48,0,0,4,48,261,68,1
2180,243,48,0,0,0,39,317,183,1
2181,286,33,1,0,3,45,416,969,1
2182,1,45,2,2,3,108,726,7,1
2183,113,27,2,1,3,96,542,399,1
2184,175,23,1,1,3,48,428,863,1
2185,337,63,2,1,4,40,236,400,0
2186,285,22,2,1,2,108,1055,96,0
2187,188,32,0,0,3,89,535,82,1
2188,16,56,0,2,0,84,424,711,0
2189,225,49,0,2,2,53,490,304,1
2190,57,24,0,1,4,63,353,926,0
2191,175,59,2,2,1,24,152,965,0
2192,328,52,0,0,1,96,587,25,1
2193,339,55,0,0,1,116,747,35,0
2194,32,28,2,1,1,21,122,893,0
2195,126,46,1,1,4,44,313,172,1
2196,269,62,2,2,3,49,326,436,1
2197,345,52,2,0,4,52,421,428,0
2198,101,29,2,2,3,81,667,620,0
2199,45,32,2,0,0,25,178,138,0
2200,335,40,1,2,3,59,539,32,0
2201,284,44,1,1,0,99,839,787,0
2202,98,52,1,1,0,32,207,494,1
2203,144,42,2,2,4,98,936,616,0
2204,285,47,0,1,0,90,517,263,0
2205,118,27,0,0,3,41,398,139,0
2206,35,41,2,1,2,63,578,921,0
2207,217,51,1,1,3,25,142,699,1
2208,240,18,0,2,2,102,909,191,1
2209,182,59,0,0,1,31,194,621,1
2210,191,47,1,0,2,70,354,285,1
2211,15,52,1,0,4,114,813,80,0
2212,9,62,0,2,4,93,713,427,0
2213,35,61,2,0,3,45,372,410,0
2214,140,61,0,2,4,74,461,260,1
2215,2,64,2,2,0,39,387,546,1
2216,317,58,0,2,4,80,556,121,1
2217,212,42,1,1,4,94,933,903,1
2218,200,20,1,1,4,32,285,496,0
2219,52,41,2,0,4,91,456,197,0
2220,187,39,1,1,1,112,800,958,1
2221,224,37,2,2,1,105,929,550,1
2222,297,61,0,2,3,83,579,175,0
2223,130,65,0,0,0,69,623,581,1
2224,312,43,2,0,0,60,497,505,1
2225,361,21,2,2,3,74,408,723,0
2226,41,49,0,1,3,33,238,882,1
2227,73,51,1,2,2,24,164,973,0
2228,140,52,0,1,4,53,489,785,1
2229,172,61,0,2,3,25,249,896,0
2230,228,37,2,0,3,38,301,620,1
2231,166,34,2,2,1,104,771,259,0
2232,25,43,0,1,3,52,463,290,0
2233,6,60,1,2,4,119,733,753,0
2234,104,22,2,0,3,116,611,46,1
2235,311,20,0,1,4,54,470,565,0
2236,55,46,2,1,4,76,661,283,0
2237,121,53,0,0,1,87,656,88,1
2238,353,44,0,2,0,92,806,591,0
2239,28,37,0,0,4,115,649,129,1
2240,60,42,0,1,1,28,247,472,1
2241,10,25,1,0,2,80,681,266,0
2242,37,58,1,1,2,69,482,219,0
2243,149,43,2,1,0,88,776,826,1
2244,215,56,1,1,3,84,423,909,0
2245,235,31,1,0,3,23,213,811,1
2246,347,27,2,1,2,41,382,142,1
2247,65,45,1,0,2,88,550,408,1
2248,341,36,2,2,0,99,698,210,1
2249,313,63,2,0,3,96,658,563,0
2250,82,49,2,1,2,97,964,100,0
2251,23,44,1,0,0,53,354,970,1
2252,218,55,0,0,1,107,825,706,0
2253,22,56,0,1,0,23,219,813,1
2254,111,50,2,2,3,98,836,294,1
2255,147,36,0,1,1,114,676,550,1
2256,254,49,2,2,3,25,203,243,1
2257,179,47,0,2,0,97,906,342,0
2258,316,55,0,1,1,27,198,759,1
2259,98,39,2,1,4,91,578,644,1
2260,167,37,2,2,1,60,534,101,0
2261,314,49,1,0,0,99,756,424,1
2262,42,37,2,1,3,76,458,179,0
2263,325,29,1,2,3,69,683,800,1
2264,325,18,0,0,4,103,597,56,0
2265,180,39,1,2,3,79,424,4,0
2266,114,28,2,0,2,40,233,412,0
2267,235,20,1,1,4,100,641,339,1
2268,311,23,1,1,0,55,354,126,1
2269,303,58,2,2,3,72,678,455,0
2270,263,20,1,1,3,80,668,927,0
2271,274,41,2,2,1,68,451,114,1
2272,364,58,0,1,0,77,422,471,0
2273,233,49,2,1,3,82,612,36,0
2274,188,26,2,0,2,58,519,43,0
2275,163,51,0,0,1,102,1013,527,0
2276,319,49,0,2,1,88,876,461,0
2277,247,43,0,0,2,42,240,383,1
2278,224,43,2,2,3,108,751,228,1
2279,265,46,2,0,3,89,519,785,1
2280,47,24,0,1,4,64,631,686,1
2281,88,39,1,2,0,108,710,53,1
2282,345,21,2,0,2,23,197,821,1
2283,237,62,0,0,3,29,228,664,0
2284,183,46,1,2,0,61,433,605,0
2285,302,52,0,1,2,61,386,1,1
2286,319,25,0,1,3,74,377,261,0
2287,128,63,0,0,0,108,913,479,0
2288,168,45,0,1,4,55,420,663,1
2289,61,37,2,2,3,40,395,312,0
2290,327,20,1,1,4,56,454,745,1
2291,137,56,2,0,0,105,570,413,1
2292,16,53,0,1,0,89,578,559,0
2293,202,37,0,2,2,64,513,923,1
2294,303,65,2,1,3,43,294,190,0
2295,14,37,0,2,0,120,739,788,0
2296,303,61,0,1,4,79,539,522,0
2297,107,27,1,2,1,98,815,241,1
2298,87,35,1,1,1,47,432,352,0
2299,216,59,1,0,3,49,284,545,1
2300,150,64,1,0,2,68,640,548,0
2301,321,42,0,0,1,36,317,308,0
2302,162,44,1,0,3,25,170,775,1
2303,49,52,1,2,4,83,617,378,1
2304,61,23,1,1,3,43,296,447,0
2305,36,63,0,0,2,44,236,669,0
2306,39,64,2,2,1,61,530,704,0
2307,16,64,2,0,2,40,271,72,0
2308,221,28,0,0,2,38,257,858,0
2309,156,30,1,1,4,38,300,125,1
2310,357,24,0,0,3,60,429,365,1
2311,8,57,1,1,2,85,435,411,0
2312,89,37,0,2,3,91,655,445,1
2313,365,40,2,2,0,42,355,481,0
2314,345,47,0,2,2,82,743,946,1
2315,255,53,2,2,1,91,802,553,0
2316,39,47,0,1,0,31,159,113,0
2317,167,23,1,1,1,93,586,188,0
2318,109,43,2,0,2,76,506,604,0
2319,160,39,0,2,0,106,918,635,0
2320,86,55,0,1,2,67,436,242,1
2321,25,33,1,2,1,46,307,530,0
2322,287,60,2,0,2,56,374,145,0
2323,288,29,1,0,2,93,761,725,1
2324,278,64,1,2,0,23,206,406,0
2325,2,49,1,2,4,27,187,679,1
2326,77,36,0,0,1,35,214,534,0
2327,188,43,0,2,0,42,332,98,0
2328,348,56,2,0,1,71,391,408,1
2329,218,56,0,0,3,52,395,411,1
2330,363,28,2,0,4,97,770,200,0
2331,0,54,0,0,1,85,657,882,0
2332,144,32,2,2,2,36,337,838,0
2333,63,43,1,0,1,86,442,931,1
2334,281,19,1,2,0,51,431,886,0
2335,188,53,0,0,2,112,930,359,0
2336,313,51,0,1,2,51,493,672,0
2337,200,30,0,1,3,107,1033,128,1
2338,171,30,2,1,0,25,245,784,1
2339,251,21,2,0,3,104,890,198,1
2340,138,19,1,1,1,107,809,40,0
2341,361,42,2,2,2,34,260,164,0
2342,68,53,1,2,0,76,670,404,1
2343,48,37,2,0,2,67,575,970,1
2344,72,35,1,2,2,116,615,136,1
2345,11,60,2,2,0,57,326,674,0
2346,146,38,1,0,3,81,678,117,0
2347,221,32,0,1,4,98,843,796,0
2348,232,38,1,2,2,36,311,633,0
2349,174,37,1,1,3,115,987,39,0
2350,74,35,0,1,4,58,572,319,1
2351,183,57,0,0,0,114,797,237,1
2352,92,24,0,1,0,57,309,85,1
2353,107,26,2,2,4,78,469,365,1
2354,136,31,2,0,3,35,207,169,1
2355,109,57,2,1,1,93,709,649,1
2356,256,38,2,1,4,70,559,495,1
2357,151,22,0,0,0,34,235,847,0
2358,179,38,2,1,3,45,294,361,1
2359,113,30,2,0,1,42,227,563,1
2360,152,55,0,0,1,106,942,168,0
2361,7,59,1,2,3,110,616,920,0
2362,350,24,0,2,0,44,245,820,1
2363,216,65,2,0,4,48,293,635,0
2364,191,49,2,2,1,70,699,902,1
2365,80,27,2,1,3,68,391,944,0
2366,79,57,2,0,3,111,617,84,1
2367,355,27,2,0,1,93,857,394,0
2368,125,35,1,0,0,57,395,288,0
2369,327,20,1,0,2,36,220,31,1
2370,239,26,0,0,4,116,769,624,1
2371,145,55,1,2,1,24,193,898,1
2372,316,64,1,0,1,40,226,762,1
2373,305,52,1,2,4,59,534,88,0
2374,140,49,1,0,1,72,402,579,1
2375,59,22,0,1,3,73,404,865,1
2376,134,22,0,0,4,42,214,376,1
2377,297,56,0,2,1,49,377,29,1
2378,1,43,1,2,0,70,368,380,0
2379,127,47,2,2,2,92,784,585,1
2380,75,37,0,1,2,95,807,534,0
2381,213,33,2,0,4,112,573,843,0
2382,240,62,2,0,1,86,743,208,0
2383,358,46,2,2,2,59,573,785,1
2384,243,20,1,0,1,113,968,934,1
2385,312,64,0,1,2,42,224,176,0
2386,187,54,1,2,2,89,610,885,0
2387,33,21,0,2,0,51,364,866,1
2388,262,49,0,2,3,78,554,202,1
2389,46,40,1,0,4,81,489,743,0
2390,267,43,1,1,4,26,220,514,1
2391,342,58,0,0,0,43,266,664,1
2392,288,51,0,1,0,88,566,425,0
2393,187,59,0,0,1,94,801,437,1
2394,306,61,2,0,3,55,473,42,0
2395,215,63,1,1,3,88,728,569,0
2396,143,28,1,2,3,117,1131,919,0
2397,361,59,1,0,0,40,284,631,0
2398,320,54,0,1,4,20,160,855,0
2399,306,37,0,1,1,62,552,641,1
2400,244,63,0,2,0,53,501,131,1
2401,166,35,1,2,2,65,566,705,0
2402,110,18,2,2,4,49,402,10,1
2403,61,63,2,1,4,51,451,222,1
2404,1,19,2,0,1,23,227,934,0
2405,346,26,0,2,0,90,814,828,0
2406,14,41,1,0,2,82,761,878,1
2407,244,40,1,1,1,76,542,590,0
2408,26,64,1,2,3,70,466,801,1
2409,87,62,1,0,1,94,868,859,0
2410,76,53,1,2,3,41,322,790,1
2411,8,54,2,2,3,81,721,573,0
2412,198,31,1,0,1,76,504,431,1
2413,55,37,0,2,4,58,337,805,1
2414,256,47,2,0,4,85,659,315,1
2415,152,47,0,2,0,62,568,64,0
2416,353,19,0,1,4,91,670,154,1
2417,116,33,1,0,0,51,368,608,0
2418,113,50,2,2,2,40,233,550,1
2419,96,34,1,2,0,62,533,601,0
2420,362,38,1,2,4,91,843,870,0
2421,356,64,0,1,0,40,237,73,0
2422,351,48,2,0,1,107,651,538,0
2423,250,55,2,1,4,86,829,685,1
2424,209,23,2,2,4,115,972,555,1
2425,127,42,0,2,1,22,136,663,0
2426,293,63,1,1,4,21,106,661,0
2427,178,61,0,0,3,104,738,814,0
2428,318,27,2,2,0,63,598,952,1
2429,196,48,1,2,4,105,795,249,0
2430,54,60,1,2,0,54,319,695,0
2431,246,45,1,0,4,87,605,330,0
2432,147,42,1,1,1,56,429,496,0
2433,297,19,2,0,0,29,208,815,0
2434,263,53,0,2,4,100,519,297,1
2435,309,52,1,1,0,23,133,570,0
2436,317,48,1,1,1,24,155,86,0
2437,230,43,1,1,3,36,350,962,1
2438,97,21,0,2,3,118,1037,148,0
2439,97,38,2,2,3,115,919,98,1
2440,328,63,0,1,0,120,767,533,1
2441,60,35,1,0,0,115,720,651,0
2442,42,50,0,0,4,68,461,720,1
2443,4,50,1,2,4,97,820,338,1
2444,342,21,0,0,1,87,864,365,1
2445,268,41,2,2,3,28,161,251,0
2446,286,53,0,2,2,67,585,547,1
2447,363,26,2,2,2,103,575,737,1
2448,185,25,0,2,1,104,1023,339,1
2449,48,24,1,2,3,26,134,784,0
2450,104,64,1,0,2,90,519,801,1
2451,235,33,1,2,4,24,189,447,0
2452,215,45,1,2,2,73,374,541,1
2453,67,60,0,1,2,103,990,801,0
2454,141,22,0,0,4,56,516,833,1
2455,195,33,1,0,3,43,378,975,0
2456,196,62,1,2,1,71,448,134,0
2457,179,57,1,1,4,102,518,803,1
2458,237,61,0,0,3,20,130,760,1
2459,174,23,1,0,4,70,690,670,0
2460,302,19,1,2,3,120,1137,111,0
2461,335,40,0,2,2,27,191,265,0
2462,234,19,2,1,0,111,827,830,0
2463,110,18,0,1,2,69,351,925,1
2464,14,34,0,1,2,26,248,347,1
2465,49,63,1,0,3,98,517,468,0
2466,178,50,2,0,3,79,630,45,0
2467,316,47,1,1,0,54,346,582,1
2468,159,29,0,0,1,114,882,463,0
2469,160,63,1,0,4,78,628,95,1
2470,166,49,1,2,2,78,566,403,0
2471,306,19,2,0,1,59,353,622,0
2472,33,49,0,1,4,46,292,311,1
2473,154,65,2,1,0,114,619,185,1
2474,7,62,0,0,3,83,521,201,1
2475,236,40,1,1,0,59,577,232,1
2476,225,52,0,2,2,56,325,605,1
2477,336,54,0,0,4,75,670,244,1
2478,216,60,0,1,1,94,729,109,1
2479,331,62,1,1,2,99,744,719,0
2480,191,32,2,0,2,70,551,338,1
2481,359,28,2,0,4,40,382,972,0
2482,20,20,1,0,4,31,271,874,0
2483,319,43,0,0,3,114,1094,624,1
2484,59,39,0,1,0,116,844,375,0
2485,300,63,1,0,2,55,369,335,1
2486,286,48,0,0,3,77,665,343,1
2487,79,51,0,1,1,66,541,836,0
2488,66,39,2,0,0,116,1065,329,0
2489,6,59,0,1,2,71,574,238,1
2490,165,30,2,0,1,81,469,724,1
2491,73,65,0,2,2,70,603,155,1
2492,37,39,2,1,0,109,1062,656,1
2493,235,59,1,2,0,105,960,498,0
2494,52,64,1,2,4,108,918,948,0
2495,90,34,0,0,4,38,237,216,0
2496,260,35,2,1,0,42,214,835,1
2497,186,49,1,2,0,113,907,801,1
2498,236,37,1,2,0,111,578,784,0
2499,112,56,1,2,2,55,507,942,0
2500,314,25,0,0,0,78,714,803,0
2501,218,45,0,1,2,59,407,131,0
2502,138,56,2,2,1,120,1140,320,1
2503,346,40,0,1,0,107,668,120,1
2504,8,45,2,2,4,74,641,115,1
2505,231,64,0,1,2,54,412,708,0
2506,350,29,0,1,0,99,783,678,0
2507,266,43,0,2,3,61,379,505,1
2508,96,65,0,0,1,84,680,713,1
2509,273,34,1,2,4,64,605,767,0
2510,236,51,1,2,2,53,295,841,1
2511,255,55,2,1,3,111,582,342,0
2512,251,52,0,1,3,29,237,318,0
2513,164,34,2,2,4,91,619,856,1
2514,136,42,0,1,4,106,534,158,0
2515,127,62,2,0,1,113,950,928,0
2516,306,54,0,0,4,113,853,492,0
2517,196,58,2,2,1,116,964,559,1
2518,291,60,1,0,2,68,442,839,1
2519,222,51,0,1,0,82,795,430,0
2520,114,33,0,0,2,93,630,406,1
2521,75,55,1,0,4,38,206,236,0
2522,142,50,0,2,3,65,422,976,0
2523,362,28,2,1,1,29,231,722,1
2524,150,39,1,1,0,101,705,394,1
2525,335,41,0,0,4,47,406,116,1
2526,95,55,2,0,3,77,433,307,1
2527,155,43,0,1,4,111,670,483,0
2528,157,32,2,0,2,58,374,883,0
2529,27,41,2,0,3,91,686,4,1
2530,206,25,1,1,3,110,763,949,1
2531,265,43,0,1,1,42,265,959,1
2532,23,27,2,0,0,49,446,376,0
2533,275,37,0,2,0,90,716,817,0
2534,111,41,1,0,4,100,660,847,1
2535,279,62,0,2,0,51,446,856,1
2536,175,38,2,2,4,38,274,930,1
2537,55,42,2,1,3,66,655,590,1
2538,124,23,0,1,4,107,891,101,0
2539,57,45,2,1,2,85,720,757,1
2540,7,57,2,2,0,103,890,261,1
2541,36,33,0,0,3,50,472,844,1
2542,296,45,1,0,3,120,1037,323,1
2543,212,46,1,1,0,32,269,68,0
2544,68,28,1,0,0,35,251,933,1
2545,282,39,1,2,2,76,387,593,0
2546,345,53,0,2,1,63,584,849,0
2547,283,57,2,1,1,60,414,667,1
2548,76,50,1,0,1,105,999,697,0
2549,258,64,0,0,2,24,211,758,1
2550,356,42,0,1,0,86,694,441,0
2551,305,36,2,1,0,22,151,972,0
2552,179,46,2,2,1,62,433,812,0
2553,98,36,2,1,3,60,495,785,1
2554,146,23,0,1,1,27,180,108,0
2555,252,21,1,0,3,28,152,742,0
2556,74,30,1,1,3,78,582,535,0
2557,94,43,2,0,2,80,654,701,0
2558,224,32,2,0,2,75,502,711,0
2559,324,48,0,2,1,98,544,901,0
2560,262,58,2,2,3,79,455,536,0
2561,159,52,2,2,3,81,685,389,0
2562,173,57,1,1,2,81,805,708,0
2563,159,51,0,0,2,84,720,904,0
2564,247,36,1,1,1,74,402,624,0
2565,42,33,1,0,3,91,787,528,0
2566,245,46,2,0,2,22,193,159,1
2567,43,20,1,1,3,47,442,152,0
2568,340,29,2,1,3,50,316,378,0
2569,201,64,2,2,2,112,607,329,0
2570,321,56,0,0,1,62,377,238,1
2571,188,50,0,0,0,62,387,123,0
2572,251,58,1,2,2,89,615,288,0
2573,27,45,2,2,2,29,152,140,0
2574,96,28,2,0,2,66,501,760,0
2575,324,46,2,0,1,100,816,641,1
2576,325,41,0,2,0,42,331,649,1
2577,259,34,1,1,1,99,933,853,1
2578,181,18,1,0,1,77,417,184,1
2579,25,23,0,1,4,52,327,168,0
2580,129,38,1,1,3,115,920,60,0
2581,131,33,2,1,1,104,626,9,0
2582,253,22,0,0,1,118,1037,572,1
2583,300,50,1,1,1,49,408,875,1
2584,91,50,2,0,2,115,720,420,1
2585,12,24,2,1,3,51,344,99,0
2586,298,27,1,1,2,26,183,146,1
2587,277,59,1,0,0,106,801,737,0
2588,214,57,1,0,0,115,696,933,0
2589,268,57,0,1,0,90,778,704,0
2590,357,22,0,1,1,57,340,957,0
2591,44,62,1,2,1,77,496,750,1
2592,272,54,0,0,0,31,211,48,1
2593,253,64,2,0,3,84,469,5,0
2594,352,65,1,0,1,114,949,216,1
2595,342,47,1,1,3,26,249,180,1
2596,201,64,0,2,4,63,443,498,0
2597,133,22,2,2,1,32,282,907,1
2598,117,44,1,2,1,94,875,697,1
2599,354,62,1,0,2,58,303,36,1
2600,91,62,0,0,3,65,610,743,1
